Student_Label,Section,Exam,IGV,IL,SER,n_unanswered,n_questions,blank_ratio,duration_sec,start_min,score_pct,Label,BFD,is_disrupted,RIF
Student_A,Section_102,Midterm1,0.2962962962962963,0.0,0.8888888888888888,1,27,0.037037037037037035,2331,0,,Normal,0.13731766535495518,False,0
Student_B,Section_102,Midterm1,12.765432098765432,0.0,0.5925925925925926,10,27,0.37037037037037035,5400,0,,Normal,0.25421250984761673,False,0
Student_C,Section_201,Midterm1,0.0,0.0,0.9259259259259259,0,27,0.0,5280,0,,Normal,0.13075563512092225,False,0
Student_D,Section_202,Midterm1,0.0,0.0,0.9259259259259259,0,27,0.0,3489,0,,Normal,0.0,False,0
Student_E,Section_103,Midterm1,0.0,0.0,0.9259259259259259,0,27,0.0,5280,0,,Normal,0.13075563512092225,False,0
Student_F,Section_202,Midterm1,0.0,0.0,0.9259259259259259,0,27,0.0,3234,0,,Normal,0.13728185936730397,False,0
Student_G,Section_101,Midterm1,0.0,0.0,0.9259259259259259,0,27,0.0,5340,0,,Normal,0.13075563512092225,False,1
Student_H,Section_202,Midterm1,0.9629629629629629,0.0,0.9259259259259259,1,27,0.037037037037037035,5340,0,,Normal,0.15086119106102083,False,1
Student_I,Section_103,Midterm1,0.0,0.0,0.9259259259259259,0,27,0.0,3900,0,,Normal,0.13075563512092225,False,0
Student_J,Section_102,Midterm1,0.0,0.0,0.9259259259259259,0,27,0.0,2223,0,,Normal,0.0,False,0
Student_K,Section_101,Midterm1,0.0,0.0,0.9259259259259259,0,27,0.0,4560,0,,Normal,0.13140660895255332,False,0
Student_L,Section_201,Midterm1,0.0,0.0,0.9259259259259259,0,27,0.0,3366,0,,Normal,0.0,False,0
Student_M,Section_102,Midterm1,0.0,0.0,0.9259259259259259,2,27,0.07407407407407407,1390,0,55.559999999999995,Normal,0.16082241433068453,False,1
Student_N,Section_103,Midterm1,0.0,0.0,0.9259259259259259,0,27,0.0,4560,0,,Normal,0.13075563512092225,False,0
Student_O,Section_103,Midterm1,0.8888888888888888,0.0,0.8888888888888888,1,27,0.037037037037037035,5340,0,,Normal,0.16379811285982948,False,0
Student_P,Section_101,Midterm1,0.0,0.0,0.9259259259259259,0,27,0.0,5340,0,,Normal,0.3175185899714659,False,0
Student_Q,Section_101,Midterm1,0.9629629629629629,0.0,0.9259259259259259,1,27,0.037037037037037035,5340,0,,Normal,0.38573516417713727,False,1
Student_R,Section_101,Midterm1,0.0,0.0,0.9259259259259259,2,27,0.07407407407407407,5340,0,74.08,Normal,0.13075563512092225,False,0
Student_S,Section_201,Midterm1,0.0,0.0,0.9259259259259259,0,27,0.0,5340,0,,Normal,0.13075563512092225,False,0
Student_T,Section_201,Midterm1,0.0,0.0,0.9259259259259259,0,27,0.0,4080,0,,Normal,0.13075563512092225,False,0
Student_U,Section_201,Midterm1,0.0,0.0,0.9259259259259259,0,27,0.0,4080,0,,Normal,0.13075563512092225,False,0
Student_V,Section_101,Midterm1,0.0,0.0,0.9259259259259259,0,27,0.0,2818,0,,Normal,0.17644796306491312,False,1
Student_W,Section_102,Midterm1,0.0,0.0,0.9259259259259259,0,27,0.0,4260,0,,Normal,0.176486560670403,False,0
Student_X,Section_103,Midterm1,0.0,0.0,0.9259259259259259,2,27,0.07407407407407407,5340,0,85.2,Normal,0.15686334683204417,False,0
Student_Y,Section_103,Midterm1,0.9629629629629629,0.0,0.9259259259259259,1,27,0.037037037037037035,5400,0,,Normal,0.13785703549914533,False,0
Student_Z,Section_101,Midterm1,0.9629629629629629,0.0,0.9259259259259259,1,27,0.037037037037037035,5340,0,,P4,0.3497952000021644,False,2
Student_AA,Section_102,Midterm1,0.0,0.0,0.9259259259259259,2,27,0.07407407407407407,3780,0,81.48,Normal,0.19616567691249592,False,1
Student_AB,Section_103,Midterm1,0.0,0.0,0.9259259259259259,0,27,0.0,4380,0,,Normal,0.14380859531710702,False,0
Student_AC,Section_202,Midterm1,0.0,0.0,0.9259259259259259,0,27,0.0,4740,0,,Normal,0.0,False,0
Student_AD,Section_103,Midterm1,0.0,0.0,0.9259259259259259,0,27,0.0,3780,0,,Normal,0.13728185936730397,False,0
Student_AE,Section_201,Midterm1,0.0,0.0,0.9259259259259259,0,27,0.0,5280,0,,Normal,0.13728185936730397,False,0
Student_AF,Section_201,Midterm1,0.0,0.0,0.9259259259259259,0,27,0.0,4500,0,,Normal,0.1633912601575913,False,0
Student_AG,Section_201,Midterm1,0.0,0.0,0.9259259259259259,0,27,0.0,4740,0,,Normal,0.13075563512092225,False,0
Student_AH,Section_101,Midterm1,0.0,0.0,0.9259259259259259,0,27,0.0,2824,0,,Normal,0.3920083337214435,False,0
Student_AI,Section_202,Midterm1,0.48148148148148145,0.0,0.8888888888888888,1,27,0.037037037037037035,5340,0,,Normal,0.13735652536515813,False,0
Student_AJ,Section_103,Midterm1,0.6296296296296297,0.0,0.8888888888888888,1,27,0.037037037037037035,3900,0,,Normal,0.13081671764366168,False,1
Student_AK,Section_103,Midterm1,0.0,0.0,0.9259259259259259,0,27,0.0,5340,0,,Normal,0.15033577632447123,False,0
Student_AL,Section_202,Midterm1,0.0,0.0,0.9259259259259259,2,27,0.07407407407407407,5340,0,77.76,Normal,0.13075563512092225,False,0
Student_AM,Section_102,Midterm1,0.0,0.0,0.9259259259259259,0,27,0.0,3780,0,,Normal,0.10316674292178356,False,1
Student_AN,Section_102,Midterm1,0.0,0.0,0.9259259259259259,2,27,0.07407407407407407,5340,0,88.88,Normal,0.23521276852114548,False,0
Student_AO,Section_101,Midterm1,0.9629629629629629,0.0,0.9259259259259259,1,27,0.037037037037037035,5340,0,,Normal,0.16932845135653815,False,0
Student_AP,Section_101,Midterm1,0.0,0.0,0.9259259259259259,2,27,0.07407407407407407,5340,0,66.68,Normal,0.16167147138649113,False,1
Student_AQ,Section_101,Midterm1,0.9629629629629629,0.0,0.9259259259259259,1,27,0.037037037037037035,5340,0,,Normal,0.0,False,0
Student_AR,Section_201,Midterm1,0.0,0.0,0.9259259259259259,0,27,0.0,4080,0,,Normal,0.13728185936730397,False,0
Student_AS,Section_201,Midterm1,0.9629629629629629,0.0,0.9259259259259259,1,27,0.037037037037037035,5340,0,,Normal,0.1309457131465646,False,0
Student_AT,Section_101,Midterm1,0.0,0.0,0.9259259259259259,0,27,0.0,5220,0,,Normal,0.13728185936730397,False,0
Student_AU,Section_202,Midterm1,0.9629629629629629,0.0,0.9259259259259259,1,27,0.037037037037037035,6240,0,,Normal,0.26525542373276934,False,1
Student_AV,Section_102,Midterm1,0.0,0.0,0.9259259259259259,0,27,0.0,5220,0,,Normal,0.0,False,0
Student_AW,Section_201,Midterm1,0.0,0.0,0.9259259259259259,0,27,0.0,3840,0,,Normal,0.01419932473951768,False,0
Student_AX,Section_201,Midterm1,0.0,0.0,0.9259259259259259,2,27,0.07407407407407407,5340,0,81.48,Normal,0.16865420140161652,False,0
Student_AY,Section_103,Midterm1,0.0,0.0,0.9259259259259259,0,27,0.0,5280,0,,Normal,0.13075563512092225,False,0
Student_AZ,Section_202,Midterm1,0.0,0.0,0.9629629629629629,0,27,0.0,3840,0,,Normal,0.13736114663311036,False,0
Student_BA,Section_102,Midterm1,0.0,0.0,0.9259259259259259,0,27,0.0,3099,0,,Normal,0.4997631520880286,False,1
Student_BB,Section_202,Midterm1,30.25,0.0,0.8148148148148148,3,27,0.1111111111111111,4500,0,,Normal,0.4533245370474375,False,0
Student_BC,Section_103,Midterm1,0.0,0.0,0.9259259259259259,0,27,0.0,2705,0,,Normal,0.13728185936730397,False,0
Student_BD,Section_103,Midterm1,0.0,0.0,0.9259259259259259,0,27,0.0,1463,0,,Normal,0.13075563512092225,False,0
Student_BE,Section_201,Midterm1,0.7407407407407407,0.0,0.8888888888888888,1,27,0.037037037037037035,4020,0,,Normal,0.0,False,0
Student_BF,Section_201,Midterm1,0.0,0.0,0.9259259259259259,0,27,0.0,5100,0,,P4,0.24183135079624704,False,2
Student_BG,Section_201,Midterm1,0.0,0.0,0.9259259259259259,0,27,0.0,5340,0,,Normal,0.18431941919315709,False,0
Student_BH,Section_202,Midterm1,0.0,0.0,0.8518518518518519,2,27,0.07407407407407407,3720,0,,Normal,0.0,False,0
Student_BI,Section_102,Midterm1,64.0,0.0,0.8888888888888888,3,27,0.1111111111111111,5280,0,74.08,Normal,0.9999999999804045,False,1
Student_BJ,Section_102,Midterm1,0.9629629629629629,0.0,0.9259259259259259,1,27,0.037037037037037035,5340,0,,Normal,0.14435776879803816,False,0
Student_BK,Section_201,Midterm1,0.0,0.0,0.9259259259259259,0,27,0.0,4560,0,,Normal,0.13075563512092225,False,0
Student_BL,Section_202,Midterm1,0.0,0.0,0.9629629629629629,0,27,0.0,4380,0,,Normal,0.13077711794166397,False,0
Student_BM,Section_101,Midterm1,0.0,0.0,0.9259259259259259,0,27,0.0,5100,0,,Normal,0.1634116361001421,False,1
Student_BN,Section_102,Midterm1,0.0,0.0,0.6666666666666666,7,27,0.25925925925925924,5340,0,,Normal,0.1802982575246443,False,1
Student_BO,Section_101,Midterm1,0.0,0.0,0.9259259259259259,0,27,0.0,3840,0,,Normal,0.0,False,0
Student_BP,Section_101,Midterm1,0.0,0.0,0.9259259259259259,0,27,0.0,5040,0,,Normal,0.13728185936730397,False,0
Student_BQ,Section_202,Midterm1,0.0,0.0,0.9259259259259259,2,27,0.07407407407407407,726,0,88.88,Normal,0.49976960755587796,False,1
Student_BR,Section_102,Midterm1,5.859375,0.0,0.37037037037037035,17,27,0.6296296296296297,6240,0,33.32,P3,0.1988573890656991,True,1
Student_BS,Section_102,Midterm1,0.0,0.0,0.9259259259259259,0,27,0.0,3600,0,,Normal,0.13741420116865222,False,0
Student_BT,Section_201,Midterm1,0.037037037037037035,0.0,0.8888888888888888,1,27,0.037037037037037035,5340,0,,Normal,0.17643403162701157,False,1
Student_BU,Section_201,Midterm1,0.0,0.0,0.9259259259259259,0,27,0.0,3960,0,,Normal,0.17257031438052844,False,0
Student_BV,Section_103,Midterm1,0.0,0.0,0.9259259259259259,0,27,0.0,4200,0,,Normal,0.0,False,0
Student_BW,Section_103,Midterm1,0.0,0.0,0.9259259259259259,0,27,0.0,3900,0,,Normal,0.15033577632447123,False,0
Student_BX,Section_202,Midterm1,0.0,0.0,0.9259259259259259,0,27,0.0,4380,0,,Normal,0.6075833634643802,False,1
Student_BY,Section_101,Midterm1,0.0,0.0,0.9259259259259259,0,27,0.0,4980,0,,Normal,0.1633912601575913,False,0
Student_BZ,Section_201,Midterm1,0.0,0.0,0.8888888888888888,2,27,0.07407407407407407,3001,0,,Normal,0.06551586693095594,False,0
Student_CA,Section_101,Midterm1,0.0,0.0,0.9259259259259259,0,27,0.0,4980,0,,Normal,0.2591333636169165,False,1
Student_CB,Section_101,Midterm1,0.0,0.0,0.9259259259259259,0,27,0.0,4740,0,,Normal,0.20909355503961208,False,0
Student_CC,Section_103,Midterm1,0.0,0.0,0.9259259259259259,0,27,0.0,4320,0,,Normal,0.13075563512092225,False,0
Student_CD,Section_201,Midterm1,0.0,0.0,0.9259259259259259,2,27,0.07407407407407407,1291,0,81.48,Normal,0.3577253460772469,False,0
Student_CE,Section_101,Midterm1,0.37037037037037035,0.0,0.8888888888888888,1,27,0.037037037037037035,5040,0,,Normal,0.150396494780134,False,0
Student_CF,Section_101,Midterm1,0.0,0.0,0.9259259259259259,0,27,0.0,5520,0,,Normal,0.13075563512092225,False,0
Student_CG,Section_101,Midterm1,0.0,1.0,0.9259259259259259,0,27,0.0,5160,1,,P4,0.1529912873318864,False,2
Student_CH,Section_202,Midterm1,0.0,1.0,0.9259259259259259,0,27,0.0,5160,1,,Normal,0.16473823124076478,False,0
Student_CI,Section_101,Midterm1,0.0,1.0,0.9259259259259259,0,27,0.0,4200,1,,Normal,0.26133362637810065,False,0
Student_CJ,Section_201,Midterm1,0.0,1.0,0.9259259259259259,0,27,0.0,4620,1,,Normal,0.0,False,0
Student_CK,Section_201,Midterm1,0.0,1.0,0.9259259259259259,0,27,0.0,4560,1,,Normal,0.14516092723377533,False,0
Student_CL,Section_201,Midterm1,0.0,1.0,0.9259259259259259,2,27,0.07407407407407407,1359,1,77.76,Normal,0.0,False,0
Student_CM,Section_102,Midterm1,0.0,1.0,0.9259259259259259,0,27,0.0,5280,1,,Normal,0.12958288238836874,False,0
Student_CN,Section_101,Midterm1,0.9629629629629629,1.0,0.9259259259259259,1,27,0.037037037037037035,5280,1,,Normal,0.11837539858858956,False,0
Student_CO,Section_103,Midterm1,0.0,1.0,0.9259259259259259,0,27,0.0,4800,1,,Normal,0.1177050621924948,False,0
Student_CP,Section_103,Midterm1,0.0,1.0,0.9259259259259259,0,27,0.0,4800,1,,Normal,0.13728185936730397,False,0
Student_CQ,Section_103,Midterm1,0.0,1.0,0.8888888888888888,2,27,0.07407407407407407,5280,1,,Normal,0.16863221306015116,False,1
Student_CR,Section_103,Midterm1,0.0,1.0,0.9259259259259259,0,27,0.0,5280,1,,Normal,0.1503357763244712,False,0
Student_CS,Section_202,Midterm1,0.0,1.0,0.9259259259259259,2,27,0.07407407407407407,5100,1,70.36,Normal,0.20782042575385193,False,1
Student_CT,Section_201,Midterm1,0.0,1.0,0.9259259259259259,0,27,0.0,5280,1,,Normal,0.18297669011951415,False,0
Student_CU,Section_103,Midterm1,0.0,1.0,0.9259259259259259,2,27,0.07407407407407407,603,1,66.68,Normal,0.2891659697862807,False,1
Student_CV,Section_102,Midterm1,144.0,1.0,0.8888888888888888,3,27,0.1111111111111111,979,1,70.36,Normal,0.0,False,0
Student_CW,Section_101,Midterm1,0.0,1.0,0.8888888888888888,3,27,0.1111111111111111,5280,1,81.48,Normal,0.258733474217659,False,0
Student_CX,Section_101,Midterm1,0.0,1.0,0.9259259259259259,2,27,0.07407407407407407,4200,1,85.2,Normal,0.21562317156969196,False,0
Student_CY,Section_103,Midterm1,0.0,1.0,0.9259259259259259,0,27,0.0,4980,1,,Normal,0.22234517456503086,False,1
Student_CZ,Section_102,Midterm1,0.37037037037037035,1.0,0.8888888888888888,1,27,0.037037037037037035,5280,1,,Normal,0.15307719751199983,False,0
Student_DA,Section_202,Midterm1,0.0,1.0,0.9259259259259259,0,27,0.0,4920,1,,Normal,0.1177050621924948,False,0
Student_DB,Section_102,Midterm1,0.0,1.0,0.9259259259259259,0,27,0.0,4500,1,,Normal,0.1503357763244712,False,0
Student_DC,Section_202,Midterm1,0.0,1.0,0.9259259259259259,0,27,0.0,4020,1,,Normal,0.16991947679029595,False,0
Student_DD,Section_202,Midterm1,0.9629629629629629,1.0,0.9259259259259259,1,27,0.037037037037037035,5280,1,,Normal,0.25862983327852523,False,0
Student_DE,Section_202,Midterm1,0.0,1.0,0.9259259259259259,0,27,0.0,4920,1,,Normal,0.12423000322254697,False,0
Student_DF,Section_103,Midterm1,0.0,1.0,0.9259259259259259,0,27,0.0,4260,1,,Normal,0.287455680341759,False,1
Student_DG,Section_101,Midterm1,0.9629629629629629,1.0,0.9259259259259259,1,27,0.037037037037037035,4080,1,,Normal,0.18493656501646516,False,0
Student_DH,Section_201,Midterm1,0.0,1.0,0.9259259259259259,0,27,0.0,4320,1,,Normal,0.13728185936730397,False,0
Student_DI,Section_202,Midterm1,0.0,2.0,0.9259259259259259,0,27,0.0,3780,2,,Normal,0.2059378161891292,False,1
Student_DJ,Section_103,Midterm1,0.0,2.0,0.9259259259259259,0,27,0.0,4800,2,,Normal,0.18297669011951415,False,0
Student_DK,Section_102,Midterm1,0.13296398891966757,2.0,0.18518518518518517,20,27,0.7407407407407407,5220,2,,P3,0.24304422948956667,True,2
Student_DL,Section_102,Midterm1,0.0,2.0,0.9259259259259259,0,27,0.0,5220,2,,Normal,0.133417120400427,False,1
Student_DM,Section_101,Midterm1,0.9629629629629629,2.0,0.9259259259259259,1,27,0.037037037037037035,3780,2,,Normal,0.1313593903805287,False,1
Student_DN,Section_201,Midterm1,0.0,2.0,0.9259259259259259,0,27,0.0,4620,2,,Normal,0.1177050621924948,False,0
Student_DO,Section_101,Midterm1,0.0,2.0,0.9259259259259259,0,27,0.0,3318,2,,Normal,0.16991947679029595,False,0
Student_DP,Section_201,Midterm1,0.0,2.0,0.9259259259259259,0,27,0.0,6120,2,,Normal,0.0,False,0
Student_DQ,Section_201,Midterm1,0.0,2.0,0.9259259259259259,0,27,0.0,4440,2,,Normal,0.124230003222547,False,0
Student_DR,Section_103,Midterm1,0.0,2.0,0.9259259259259259,0,27,0.0,5040,2,,Normal,0.15686334683204417,False,0
Student_DS,Section_102,Midterm1,0.9629629629629629,2.0,0.9259259259259259,1,27,0.037037037037037035,2201,2,,Normal,0.0,False,0
Student_DT,Section_103,Midterm1,0.8888888888888888,2.0,0.8888888888888888,1,27,0.037037037037037035,5220,2,,Normal,0.13125063401667486,False,0
Student_DU,Section_103,Midterm1,0.0,2.0,0.9259259259259259,0,27,0.0,4380,2,,Normal,0.14380859531710705,False,0
Student_DV,Section_202,Midterm1,0.0,2.0,0.9259259259259259,0,27,0.0,3391,2,,Normal,0.13728185936730397,False,0
Student_DW,Section_102,Midterm1,0.0,2.0,0.9259259259259259,2,27,0.07407407407407407,6120,2,85.2,Normal,0.43119069731140536,False,0
Student_DX,Section_202,Midterm1,0.0,3.0,0.9259259259259259,0,27,0.0,3079,3,,Normal,0.10465776959533106,False,0
Student_DY,Section_202,Midterm1,0.0,3.0,0.9259259259259259,0,27,0.0,4440,3,,Normal,0.10465776959533106,False,0
Student_DZ,Section_101,Midterm1,0.9629629629629629,3.0,0.9259259259259259,1,27,0.037037037037037035,5160,3,,Normal,0.09247481091591989,False,1
Student_EA,Section_201,Midterm1,0.0,3.0,0.9259259259259259,0,27,0.0,4920,3,,Normal,0.19616567691249592,False,1
Student_EB,Section_103,Midterm1,0.0,3.0,0.9259259259259259,0,27,0.0,4260,3,,Normal,0.11118093366702247,False,0
Student_EC,Section_101,Midterm1,0.0,3.0,0.9259259259259259,0,27,0.0,4800,3,,Normal,0.20256408314580476,False,0
Student_ED,Section_102,Midterm1,0.0,3.0,0.9259259259259259,2,27,0.07407407407407407,529,3,70.36,Normal,0.0,False,0
Student_EE,Section_103,Midterm1,0.0,3.0,0.9259259259259259,0,27,0.0,4980,3,,Normal,0.09813576230169457,False,0
Student_EF,Section_103,Midterm1,0.25925925925925924,4.0,0.8888888888888888,1,27,0.037037037037037035,2819,4,,Normal,0.09816796122688576,False,0
Student_EG,Section_202,Midterm1,0.0,4.0,0.9259259259259259,0,27,0.0,3088,4,,Normal,0.1177050621924948,False,0
Student_EH,Section_201,Midterm1,0.0,4.0,0.9259259259259259,0,27,0.0,4380,4,,Normal,0.09829868769440492,False,1
Student_EI,Section_202,Midterm1,0.0,4.0,0.9259259259259259,0,27,0.0,4320,4,,Normal,0.0,False,0
Student_EJ,Section_103,Midterm1,0.0,4.0,0.9259259259259259,2,27,0.07407407407407407,5220,4,81.48,Normal,0.09813576230169457,False,0
Student_EK,Section_101,Midterm1,36.75,4.0,0.8148148148148148,5,27,0.18518518518518517,1129,4,74.08,Normal,0.0,False,0
Student_EL,Section_102,Midterm1,0.0,4.0,0.9259259259259259,0,27,0.0,4560,4,,Normal,0.4180760443374373,False,0
Student_EM,Section_102,Midterm1,0.9629629629629629,4.0,0.9259259259259259,1,27,0.037037037037037035,2363,4,,Normal,0.08602110508668176,False,1
Student_EN,Section_103,Midterm1,0.0,4.0,0.9259259259259259,0,27,0.0,4620,4,,Normal,0.07857956122129421,False,0
Student_EO,Section_101,Midterm1,0.0,5.0,0.9259259259259259,0,27,0.0,6000,5,,Normal,0.0,False,0
Student_EP,Section_201,Midterm1,0.0,5.0,0.9259259259259259,0,27,0.0,3780,5,,Normal,0.06555516055859001,False,0
Student_EQ,Section_103,Midterm1,0.07407407407407407,5.0,0.8888888888888888,1,27,0.037037037037037035,5940,5,,Normal,0.0,False,0
Student_ER,Section_201,Midterm1,0.0,5.0,0.9259259259259259,0,27,0.0,4380,5,,Normal,0.14392872816796734,False,0
Student_ES,Section_202,Midterm1,0.0,5.0,0.9259259259259259,0,27,0.0,5040,5,,Normal,0.0,False,0
Student_ET,Section_103,Midterm1,0.0,5.0,0.9259259259259259,0,27,0.0,4800,5,,Normal,0.09232550824907608,False,1
Student_EU,Section_101,Midterm1,0.0,5.0,0.9259259259259259,0,27,0.0,4980,5,,Normal,0.20390337214835516,False,0
Student_EV,Section_201,Midterm1,0.9629629629629629,6.0,0.9259259259259259,1,27,0.037037037037037035,4980,6,,Normal,0.18992271662432483,False,1
Student_EW,Section_103,Midterm1,0.0,6.0,0.9259259259259259,0,27,0.0,4980,6,,Normal,0.18658229174076957,False,1
Student_EX,Section_102,Midterm1,0.0,6.0,0.9259259259259259,0,27,0.0,3046,6,,Normal,0.07857956122129421,False,0
Student_EY,Section_101,Midterm1,0.9629629629629629,6.0,0.9259259259259259,1,27,0.037037037037037035,4980,6,,Normal,0.05403504007890907,False,1
Student_EZ,Section_102,Midterm1,0.0,6.0,0.9259259259259259,2,27,0.07407407407407407,2806,6,77.76,Normal,0.05255028288278689,False,0
Student_FA,Section_102,Midterm1,0.9629629629629629,6.0,0.9259259259259259,1,27,0.037037037037037035,4980,6,,Normal,0.08602110508668176,False,0
Student_FB,Section_101,Midterm1,0.0,6.0,0.9259259259259259,0,27,0.0,4920,6,,Normal,0.0,False,0
Student_FC,Section_101,Midterm1,0.0,7.0,0.9259259259259259,0,27,0.0,3720,7,,Normal,0.1633912601575913,False,0
Student_FD,Section_102,Midterm1,0.0,7.0,0.9259259259259259,0,27,0.0,1601,7,,Normal,0.0,False,0
Student_FE,Section_103,Midterm1,0.0,7.0,0.8888888888888888,2,27,0.07407407407407407,5820,7,,Normal,0.0,False,0
Student_FF,Section_103,Midterm1,0.9629629629629629,7.0,0.9259259259259259,1,27,0.037037037037037035,4920,7,,Normal,0.0,False,0
Student_FG,Section_103,Midterm1,0.0,8.0,0.9259259259259259,0,27,0.0,3600,8,,Normal,0.033129893085538396,False,0
Student_FH,Section_201,Midterm1,0.0,8.0,0.9259259259259259,0,27,0.0,4740,8,,Normal,0.05255028288278689,False,0
Student_FI,Section_102,Midterm1,0.0,8.0,0.9259259259259259,0,27,0.0,1867,8,,Normal,0.03978773855213241,False,0
Student_FJ,Section_102,Midterm1,0.9629629629629629,8.0,0.9259259259259259,1,27,0.037037037037037035,4860,8,,Normal,0.0,False,0
Student_FK,Section_201,Midterm1,0.07407407407407407,8.0,0.8888888888888888,1,27,0.037037037037037035,4860,8,,Normal,0.06301220893267771,False,1
Student_FL,Section_103,Midterm1,0.0,8.0,0.9259259259259259,2,27,0.07407407407407407,1365,8,85.2,Normal,0.27444730942137857,False,1
Student_FM,Section_101,Midterm1,0.0,8.0,0.9259259259259259,0,27,0.0,4200,8,,Normal,0.15211525586994107,False,0
Student_FN,Section_101,Midterm1,0.48148148148148145,9.0,0.8888888888888888,1,27,0.037037037037037035,2547,9,,Normal,0.0,False,0
Student_FO,Section_102,Midterm1,0.9629629629629629,9.0,0.9259259259259259,1,27,0.037037037037037035,4800,9,,Normal,0.3286463300462337,False,0
Student_FP,Section_102,Midterm1,0.0,10.0,0.9259259259259259,0,27,0.0,3600,10,,Normal,0.26658350397888675,False,1
Student_FQ,Section_101,Midterm1,0.0,10.0,0.9259259259259259,2,27,0.07407407407407407,1452,10,74.08,Normal,0.0,False,0
Student_FR,Section_101,Midterm1,0.0,10.0,0.9259259259259259,2,27,0.07407407407407407,4440,10,85.2,P4,0.0207019129849409,False,2
Student_FS,Section_101,Midterm1,0.0,11.0,0.9259259259259259,2,27,0.07407407407407407,4680,11,51.84000000000001,Normal,0.05255028288278689,False,1
Student_FT,Section_201,Midterm1,0.9259259259259259,11.0,0.9259259259259259,1,27,0.037037037037037035,4680,11,,Normal,0.11382701191978763,False,0
Student_FU,Section_101,Midterm1,0.9629629629629629,11.0,0.9259259259259259,1,27,0.037037037037037035,4680,11,,Normal,0.0,False,0
Student_FV,Section_101,Midterm1,0.0,13.0,0.9259259259259259,0,27,0.0,2548,13,,Normal,0.0,False,0
Student_FW,Section_202,Midterm1,0.9629629629629629,14.0,0.9259259259259259,1,27,0.037037037037037035,3560,14,,P4,0.06106019717643988,False,2
Student_FX,Section_102,Midterm1,0.0,14.0,0.8888888888888888,2,27,0.07407407407407407,4500,14,,Normal,0.033052073455555206,False,0
Student_FY,Section_202,Midterm1,0.0,15.0,0.9259259259259259,0,27,0.0,4080,15,,Normal,0.0,False,0
Student_FZ,Section_202,Midterm1,0.0,15.0,0.9259259259259259,2,27,0.07407407407407407,4440,15,81.48,Normal,0.0,False,0
Student_GA,Section_102,Midterm1,0.0,17.0,0.9259259259259259,2,27,0.07407407407407407,1357,17,70.36,Normal,0.0,False,0
Student_GB,Section_201,Midterm1,5.822485207100592,18.0,0.4444444444444444,14,27,0.5185185185185185,4260,18,,P3,0.1339094088843621,True,1
Student_GC,Section_102,Midterm1,0.9629629629629629,19.0,0.9259259259259259,1,27,0.037037037037037035,3780,19,,Normal,0.11837539858858956,False,0
Student_GD,Section_102,Midterm1,0.0,20.0,0.9259259259259259,0,27,0.0,3154,20,,Normal,0.13075563512092223,False,0
Student_GE,Section_101,Midterm1,0.0,20.0,0.9259259259259259,0,27,0.0,2683,20,,Normal,0.0,False,0
Student_GF,Section_101,Midterm1,0.0,22.0,0.9259259259259259,2,27,0.07407407407407407,3063,22,81.48,Normal,0.0,False,0
Student_GG,Section_103,Midterm1,0.0,23.0,0.9259259259259259,0,27,0.0,2860,23,,Normal,0.0,False,0
Student_GH,Section_202,Midterm1,0.9629629629629629,23.0,0.9259259259259259,1,27,0.037037037037037035,3960,23,,Normal,0.1927447820878902,False,0
Student_GI,Section_102,Midterm1,0.0,24.0,0.9259259259259259,0,27,0.0,2097,24,,Normal,0.16473823124076478,False,1
Student_GJ,Section_201,Midterm1,0.0,26.0,0.9259259259259259,0,27,0.0,3098,26,,Normal,0.19606951218910953,False,1
Student_GK,Section_201,Midterm1,0.0,26.0,0.9259259259259259,0,27,0.0,3720,26,,Normal,0.19603477034078542,False,0
Student_GL,Section_103,Midterm1,0.0,30.0,0.9259259259259259,2,27,0.07407407407407407,2047,30,74.08,Normal,0.0,False,0
Student_GM,Section_102,Midterm1,0.0,32.0,0.9259259259259259,2,27,0.07407407407407407,1213,32,77.76,Normal,0.15692425516160213,False,1
Student_GN,Section_101,Midterm1,0.0,35.0,0.9259259259259259,2,27,0.07407407407407407,3271,35,62.96000000000001,Normal,0.297927629208463,False,1
Student_GO,Section_102,Midterm1,0.0,36.0,0.9259259259259259,2,27,0.07407407407407407,1794,36,55.559999999999995,Normal,0.4164689776135836,False,1
Student_GP,Section_103,Midterm1,0.9629629629629629,42.0,0.9259259259259259,1,27,0.037037037037037035,1628,42,,Normal,0.26473413435220766,False,0
Student_GQ,Section_102,Midterm1,0.0,51.0,0.9259259259259259,2,27,0.07407407407407407,1250,51,88.88,Normal,0.0,False,0
Student_GR,Section_102,Midterm1,21.76,52.0,0.7777777777777778,6,27,0.2222222222222222,3168,52,62.96000000000001,Normal,0.5109609154415542,False,0
Student_GS,Section_103,Midterm1,0.9629629629629629,56.0,0.9259259259259259,1,27,0.037037037037037035,2017,56,,Normal,0.0,False,0
Student_GT,Section_101,Midterm1,0.0,5.0,0.9259259259259259,2,27,0.07407407407407407,1172,5,85.2,Normal,0.0,False,0
Student_GU,Section_202,Midterm1,0.0,7.0,0.9259259259259259,2,27,0.07407407407407407,1376,7,62.96000000000001,Normal,0.124230003222547,False,0
Student_GV,Section_103,Midterm1,0.9629629629629629,9.0,0.9259259259259259,1,27,0.037037037037037035,1176,9,,Normal,0.0,False,0
Student_GW,Section_102,Midterm1,0.0,22.0,0.9259259259259259,2,27,0.07407407407407407,419,22,51.84000000000001,Normal,0.0,False,0
Student_GX,Section_101,Midterm1,0.9629629629629629,39.0,0.9259259259259259,1,27,0.037037037037037035,310,39,,P2,0.0,True,1
Student_GY,Section_201,Mid2_Theory,0.0,0.0,1.0,0,15,0.0,779,0,93.33333333333333,Normal,0.31368231500213994,False,0
Student_GZ,Section_103,Mid2_Theory,0.0,0.0,1.0,0,15,0.0,406,0,73.33333333333333,Normal,0.33326889476024446,False,0
Student_B,Section_102,Mid2_Theory,0.0,0.0,1.0,0,15,0.0,892,0,86.66666666666667,Normal,0.16482441716866691,False,0
Student_Z,Section_101,Mid2_Theory,0.9333333333333333,0.0,0.9333333333333333,1,15,0.06666666666666667,1201,0,93.33333333333333,P4,0.3497783243039056,False,2
Student_CG,Section_101,Mid2_Theory,0.0,0.0,1.0,0,15,0.0,652,0,73.33333333333333,P4,0.17263256940590274,False,2
Student_G,Section_101,Mid2_Theory,0.0,0.0,1.0,0,15,0.0,1154,0,93.33333333333333,Normal,0.1308254413902173,False,1
Student_CZ,Section_102,Mid2_Theory,0.0,0.0,1.0,0,15,0.0,188,0,73.33333333333333,Normal,0.17264556688663907,False,0
Student_BR,Section_102,Mid2_Theory,0.0,0.0,1.0,0,15,0.0,718,0,66.66666666666666,Normal,0.17814729606350485,False,1
Student_GN,Section_101,Mid2_Theory,0.0,0.0,1.0,0,15,0.0,484,0,86.66666666666667,Normal,0.38807759966703664,False,1
Student_BN,Section_102,Mid2_Theory,0.0,0.0,1.0,0,15,0.0,456,0,73.33333333333333,Normal,0.1805111049455491,False,1
Student_CK,Section_201,Mid2_Theory,0.0,0.0,1.0,0,15,0.0,799,0,73.33333333333333,Normal,0.16480344488700802,False,0
Student_CD,Section_201,Mid2_Theory,0.0,0.0,1.0,0,15,0.0,703,0,93.33333333333333,Normal,0.3577636275876716,False,0
Student_EH,Section_201,Mid2_Theory,0.0,0.0,1.0,0,15,0.0,1153,0,86.66666666666667,Normal,0.17660982544515377,False,1
Student_GB,Section_201,Mid2_Theory,0.0,0.0,1.0,0,15,0.0,760,0,86.66666666666667,Normal,0.2559585342690587,False,1
Student_AO,Section_101,Mid2_Theory,0.0,0.0,1.0,0,15,0.0,771,0,86.66666666666667,Normal,0.16876010507220182,False,0
Student_FW,Section_202,Mid2_Theory,0.0,0.0,1.0,0,15,0.0,466,0,73.33333333333333,P4,0.21573759050950594,False,2
Student_BU,Section_201,Mid2_Theory,0.0,0.0,1.0,0,15,0.0,1015,0,73.33333333333333,Normal,0.17263256940590274,False,0
Student_AP,Section_101,Mid2_Theory,0.0,0.0,1.0,0,15,0.0,1074,0,80.0,Normal,0.16173792157240807,False,1
Student_BF,Section_201,Mid2_Theory,0.0,0.0,1.0,0,15,0.0,470,0,73.33333333333333,P4,0.24188724867738146,False,2
Student_BI,Section_102,Mid2_Theory,0.0,0.0,1.0,0,15,0.0,701,0,73.33333333333333,Normal,0.30929886121311784,False,1
Student_HA,Section_202,Mid2_Theory,0.0,0.0,1.0,0,15,0.0,768,0,80.0,Normal,0.24514061332806963,False,0
Student_M,Section_102,Mid2_Theory,0.0,0.0,1.0,0,15,0.0,181,0,73.33333333333333,Normal,0.16088921519306312,False,1
Student_GH,Section_202,Mid2_Theory,0.0,0.0,1.0,0,15,0.0,856,0,93.33333333333333,Normal,0.2588168473325421,False,0
Student_AX,Section_201,Mid2_Theory,0.0,0.0,1.0,0,15,0.0,858,0,73.33333333333333,Normal,0.16871790143522541,False,0
Student_BT,Section_201,Mid2_Theory,0.0,0.0,1.0,0,15,0.0,799,0,46.666666666666664,Normal,0.17650964621546592,False,1
Student_DL,Section_102,Mid2_Theory,0.0,1.0,1.0,0,15,0.0,798,1,80.0,Normal,0.15306150598291277,False,1
Student_W,Section_102,Mid2_Theory,0.0,1.0,1.0,0,15,0.0,765,1,86.66666666666667,Normal,0.15697522932345243,False,0
Student_CA,Section_101,Mid2_Theory,0.0,2.0,1.0,0,15,0.0,1136,2,60.0,Normal,0.22077189272207504,False,1
Student_CH,Section_202,Mid2_Theory,0.0,2.0,1.0,0,15,0.0,853,2,86.66666666666667,Normal,0.14523493178178182,False,0
Student_HB,Section_101,Mid2_Theory,0.0,2.0,1.0,0,15,0.0,743,2,86.66666666666667,Normal,0.18641565750664812,False,0
Student_HC,Section_102,Mid2_Theory,0.0,2.0,1.0,0,15,0.0,726,2,73.33333333333333,Normal,0.225562051848383,False,0
Student_P,Section_101,Mid2_Theory,0.0,3.0,1.0,0,15,0.0,1202,3,86.66666666666667,Normal,0.2587893306608336,False,0
Student_BG,Section_201,Mid2_Theory,0.0,3.0,1.0,0,15,0.0,512,3,86.66666666666667,Normal,0.12567485347154117,False,0
Student_CQ,Section_103,Mid2_Theory,0.0,3.0,1.0,0,15,0.0,1174,3,73.33333333333333,Normal,0.12959519692939997,False,1
Student_FR,Section_101,Mid2_Theory,0.0,3.0,1.0,0,15,0.0,349,3,86.66666666666667,P4,0.15697522932345243,False,2
Student_GI,Section_102,Mid2_Theory,0.0,4.0,1.0,0,15,0.0,423,4,86.66666666666667,Normal,0.22745400625939852,False,1
Student_HD,Section_201,Mid2_Theory,0.0,4.0,1.0,0,15,0.0,952,4,86.66666666666667,P4,0.23544069662844896,False,2
Student_FK,Section_201,Mid2_Theory,0.0,4.0,1.0,0,15,0.0,661,4,73.33333333333333,Normal,0.14133085053458083,False,1
Student_HE,Section_101,Mid2_Theory,0.0,4.0,0.8,3,15,0.2,1200,4,53.333333333333336,Normal,0.0,False,0
Student_CS,Section_202,Mid2_Theory,0.0,5.0,1.0,0,15,0.0,1008,5,80.0,Normal,0.12958601098966807,False,1
Student_DD,Section_202,Mid2_Theory,0.0,5.0,1.0,0,15,0.0,472,5,80.0,Normal,0.17993397859024737,False,0
Student_HF,Section_101,Mid2_Theory,0.0,6.0,1.0,0,15,0.0,968,6,53.333333333333336,Normal,0.15707103524259983,False,1
Student_HG,Section_201,Mid2_Theory,0.0,6.0,1.0,0,15,0.0,826,6,80.0,Normal,0.18641565750664812,False,1
Student_GJ,Section_201,Mid2_Theory,0.0,7.0,1.0,0,15,0.0,580,7,93.33333333333333,Normal,0.17654743473513637,False,1
Student_EU,Section_101,Mid2_Theory,0.0,9.0,1.0,0,15,0.0,1040,9,86.66666666666667,Normal,0.12567485347154117,False,0
Student_CI,Section_101,Mid2_Theory,0.0,13.0,1.0,0,15,0.0,960,13,80.0,Normal,0.02705296848274211,False,0
Student_GU,Section_202,Mid2_Theory,0.0,13.0,1.0,0,15,0.0,286,13,93.33333333333333,Normal,0.009585679513084908,False,0
Student_GR,Section_102,Mid2_Theory,0.0,14.0,1.0,0,15,0.0,490,14,60.0,Normal,0.35029233657299164,False,0
Student_EV,Section_201,Mid2_Theory,0.0,15.0,1.0,0,15,0.0,564,15,80.0,Normal,0.016107270204625112,False,1
Student_DK,Section_102,Mid2_Theory,0.0,15.0,1.0,0,15,0.0,800,15,66.66666666666666,P4,0.016130797664191236,False,2
Student_HH,Section_103,Mid2_Theory,0.0,16.0,1.0,0,15,0.0,469,16,93.33333333333333,Normal,0.2746489689691395,False,0
Student_CW,Section_101,Mid2_Theory,0.0,17.0,1.0,0,15,0.0,777,17,73.33333333333333,Normal,0.05548792429972289,False,0
Student_EL,Section_102,Mid2_Theory,0.0,19.0,1.0,0,15,0.0,384,19,93.33333333333333,Normal,0.12430347420624838,False,0
Student_HI,Section_201,Mid2_Theory,0.0,23.0,1.0,0,15,0.0,391,23,80.0,Normal,0.08701849197079795,False,0
Student_FL,Section_103,Mid2_Theory,0.0,27.0,0.6666666666666666,5,15,0.3333333333333333,158,27,60.0,Normal,0.09801402645648805,False,1
Student_GM,Section_102,Mid2_Theory,0.0,27.0,0.3333333333333333,10,15,0.6666666666666666,137,27,20.0,P3,0.2547829068295038,True,1
Student_FP,Section_102,Mid2_Theory,0.0,49.0,1.0,0,15,0.0,442,49,73.33333333333333,P2,0.49779407359105154,True,1
Student_DG,Section_101,Mid2_Theory,0.0,9.0,1.0,0,15,0.0,691,9,93.33333333333333,Normal,0.0288605242078519,False,0
Student_GY,Section_201,Mid2_Prac,0.0,20.0,0.0,0,1,0.0,3337,20,,Normal,0.07899230378338419,False,0
Student_GU,Section_202,Mid2_Prac,0.0,20.0,0.0,0,1,0.0,3660,20,,Normal,0.13124149259521306,False,0
Student_B,Section_102,Mid2_Prac,0.0,20.0,0.0,0,1,0.0,3960,20,,Normal,0.2406247018098245,False,0
Student_CK,Section_201,Mid2_Prac,0.0,20.0,0.0,0,1,0.0,3012,20,,Normal,0.2275977700278608,False,0
Student_G,Section_101,Mid2_Prac,0.0,20.0,0.0,1,1,1.0,4200,20,0.0,P1,0.261577058509863,True,1
Student_AX,Section_201,Mid2_Prac,0.0,20.0,0.0,0,1,0.0,2400,20,,Normal,0.22368371878644455,False,0
Student_CZ,Section_102,Mid2_Prac,0.0,20.0,0.0,0,1,0.0,1592,20,,Normal,0.219767115759876,False,0
Student_FW,Section_202,Mid2_Prac,0.0,20.0,0.0,1,1,1.0,4200,20,0.0,P1,0.17677290366183362,True,2
Student_HA,Section_202,Mid2_Prac,0.0,20.0,0.0,0,1,0.0,3500,20,,Normal,0.1472930724196574,False,0
Student_GB,Section_201,Mid2_Prac,0.0,20.0,0.0,0,1,0.0,3032,20,,Normal,0.13938376118863544,False,1
Student_GN,Section_101,Mid2_Prac,0.0,20.0,0.0,1,1,1.0,4200,20,0.0,P1,0.012118272607001393,True,1
Student_AP,Section_101,Mid2_Prac,0.0,20.0,0.0,1,1,1.0,4200,20,0.0,P1,0.23210260325811846,True,1
Student_EH,Section_201,Mid2_Prac,0.0,20.0,0.0,0,1,0.0,2809,20,,Normal,0.21579299537404037,False,1
Student_BI,Section_102,Mid2_Prac,0.0,20.0,0.0,1,1,1.0,4200,20,0.0,P1,0.3555902891108671,True,1
Student_W,Section_102,Mid2_Prac,0.0,20.0,0.0,0,1,0.0,3495,20,,Normal,0.21585616766212087,False,0
Student_HB,Section_101,Mid2_Prac,0.0,20.0,0.0,0,1,0.0,3397,20,,Normal,0.16685034180974517,False,0
Student_BN,Section_102,Mid2_Prac,0.0,20.0,0.0,1,1,1.0,4200,20,0.0,P1,0.2118901434261532,True,1
Student_M,Section_102,Mid2_Prac,0.0,20.0,0.0,1,1,1.0,4200,20,0.0,P1,0.23151199262688937,True,1
Student_BF,Section_201,Mid2_Prac,0.0,21.0,0.0,0,1,0.0,3780,21,,P4,0.17009698162201412,False,2
Student_DL,Section_102,Mid2_Prac,0.0,21.0,0.0,1,1,1.0,4200,21,0.0,P1,0.2393409182684747,True,1
Student_BU,Section_201,Mid2_Prac,0.0,21.0,0.0,0,1,0.0,3660,21,,Normal,0.2393409182684747,False,0
Student_BG,Section_201,Mid2_Prac,0.0,21.0,0.0,0,1,0.0,2700,21,,Normal,0.2275977700278608,False,0
Student_FK,Section_201,Mid2_Prac,0.0,21.0,0.0,1,1,1.0,4200,21,0.0,P1,0.192370354301468,True,1
Student_FR,Section_101,Mid2_Prac,0.0,21.0,0.0,1,1,1.0,4200,21,0.0,P1,0.19629101910828547,True,2
Student_GH,Section_202,Mid2_Prac,0.0,22.0,0.0,0,1,0.0,3660,22,,Normal,0.17286314464674793,False,0
Student_AO,Section_101,Mid2_Prac,0.0,22.0,0.0,0,1,0.0,3840,22,,Normal,0.26285811709921963,False,0
Student_CG,Section_101,Mid2_Prac,0.0,22.0,0.0,1,1,1.0,4200,22,0.0,P1,0.25891569597474534,True,2
Student_HF,Section_101,Mid2_Prac,0.0,23.0,0.0,0,1,0.0,3900,23,,Normal,0.17663262496659213,False,1
Student_CQ,Section_103,Mid2_Prac,0.0,24.0,0.0,1,1,1.0,4200,24,0.0,P1,0.2824033810491329,True,1
Student_CH,Section_202,Mid2_Prac,0.0,24.0,0.0,0,1,0.0,3660,24,,Normal,0.28632516554086934,False,0
Student_Z,Section_101,Mid2_Prac,0.0,24.0,0.0,0,1,0.0,4200,24,,P4,0.12135780792744626,False,2
Student_DD,Section_202,Mid2_Prac,0.0,24.0,0.0,0,1,0.0,3660,24,,Normal,0.19295229247966367,False,0
Student_GR,Section_102,Mid2_Prac,0.0,25.0,0.0,0,1,0.0,4200,25,,Normal,0.1768021404731676,False,0
Student_BR,Section_102,Mid2_Prac,0.0,25.0,0.0,0,1,0.0,2299,25,,Normal,0.31450631652280897,False,1
Student_GJ,Section_201,Mid2_Prac,0.0,26.0,0.0,1,1,1.0,4200,26,0.0,P1,0.19629101910828547,True,1
Student_EV,Section_201,Mid2_Prac,0.0,26.0,0.0,1,1,1.0,4380,26,0.0,P1,0.20297552654140652,True,1
Student_BT,Section_201,Mid2_Prac,0.0,27.0,0.0,1,1,1.0,4200,27,0.0,P1,0.3529362238976281,True,1
Student_HC,Section_102,Mid2_Prac,0.0,28.0,0.0,0,1,0.0,3283,28,,Normal,0.2843047708141451,False,0
Student_HH,Section_103,Mid2_Prac,0.0,28.0,0.0,0,1,0.0,3465,28,,Normal,0.03973175096739339,False,0
Student_CI,Section_101,Mid2_Prac,0.0,29.0,0.0,0,1,0.0,4200,29,,Normal,0.2876770088545262,False,0
Student_GI,Section_102,Mid2_Prac,0.0,30.0,0.0,1,1,1.0,4140,30,0.0,P1,0.2824092376269656,True,1
Student_CW,Section_101,Mid2_Prac,0.0,31.0,0.0,0,1,0.0,4200,31,,Normal,0.3294003560451438,False,0
Student_FL,Section_103,Mid2_Prac,0.0,31.0,0.0,1,1,1.0,4200,31,0.0,P1,0.17666674138607344,True,1
Student_BA,Section_102,Mid2_Prac,0.0,31.0,0.0,0,1,0.0,263,31,,P2,0.10818787135938795,True,1
Student_CD,Section_201,Mid2_Prac,0.0,31.0,0.0,0,1,0.0,2949,31,,Normal,0.25002171352700153,False,0
Student_DK,Section_102,Mid2_Prac,0.0,32.0,0.0,1,1,1.0,4200,32,0.0,P1,0.3449888943089833,True,2
Student_CS,Section_202,Mid2_Prac,0.0,32.0,0.0,0,1,0.0,3246,32,,Normal,0.39991424430205885,False,1
Student_HG,Section_201,Mid2_Prac,0.0,34.0,0.0,0,1,0.0,1544,34,,Normal,0.3626505874614517,False,1
Student_FM,Section_101,Mid2_Prac,0.0,35.0,0.0,0,1,0.0,3780,35,,Normal,0.3773328678563009,False,0
Student_HJ,Section_101,Mid2_Prac,0.0,35.0,0.0,0,1,0.0,1076,35,,Normal,0.0,False,0
Student_HD,Section_201,Mid2_Prac,0.0,36.0,0.0,1,1,1.0,4200,36,0.0,P1,0.391989951853298,True,2
Student_FP,Section_102,Mid2_Prac,0.0,37.0,0.0,0,1,0.0,3840,37,,Normal,0.2628310235220966,False,1
Student_HK,Section_101,Mid2_Prac,0.0,40.0,0.0,1,1,1.0,4200,40,0.0,P1,0.14384928645873807,True,2
Student_FT,Section_201,Mid2_Prac,0.0,41.0,0.0,0,1,0.0,3415,41,,Normal,0.47530808773928046,False,0
Student_CA,Section_101,Mid2_Prac,0.0,42.0,0.0,1,1,1.0,4200,42,0.0,P1,0.5703297998865023,True,1
Student_HI,Section_201,Mid2_Prac,0.0,42.0,0.0,0,1,0.0,4140,42,,Normal,0.28620280437701645,False,0
Student_EU,Section_101,Mid2_Prac,0.0,43.0,0.0,0,1,0.0,3480,43,,Normal,0.5409595273091548,False,0
Student_P,Section_101,Mid2_Prac,0.0,44.0,0.0,0,1,0.0,4200,44,,Normal,0.5448777688130105,False,0
Student_GZ,Section_103,Mid2_Prac,0.0,45.0,0.0,0,1,0.0,1930,45,,Normal,0.5487636816143279,False,0
Student_BQ,Section_202,Mid2_Prac,0.0,51.0,0.0,1,1,1.0,19,51,0.0,P2,0.49976960755587796,True,1
Student_EL,Section_102,Mid2_Prac,0.0,53.0,0.0,0,1,0.0,3960,53,,Normal,0.5422902803426461,False,0
Student_FO,Section_102,Mid2_Prac,0.0,54.0,0.0,0,1,0.0,611,54,,Normal,0.5536755968766334,False,0
Student_AH,Section_101,Mid2_Prac,0.0,57.0,0.0,0,1,0.0,1109,57,,Normal,0.7250978038367012,False,0
Student_HL,Section_101,Mid2_Prac,0.0,50.0,0.0,0,1,0.0,585,50,,P2,0.5160582494375436,True,1
Student_DG,Section_101,Mid2_Prac,0.0,21.0,0.0,0,1,0.0,3598,21,,Normal,0.20806365067517285,False,0
Student_FM,Section_101,Final_Theory,0.0,0.0,1.0,0,20,0.0,645,0,100.0,Normal,0.3087975757234121,False,0
Student_R,Section_101,Final_Theory,0.0,0.0,1.0,0,20,0.0,701,0,65.0,Normal,0.1308254413902173,False,0
Student_N,Section_103,Final_Theory,0.0,0.0,1.0,0,20,0.0,446,0,95.0,Normal,0.1308254413902173,False,0
Student_CQ,Section_103,Final_Theory,0.0,0.0,1.0,0,20,0.0,1189,0,95.0,Normal,0.1882994137842953,False,1
Student_BR,Section_102,Final_Theory,0.0,0.0,1.0,0,20,0.0,637,0,75.0,Normal,0.17814729606350485,False,1
Student_CT,Section_201,Final_Theory,0.0,0.0,1.0,0,20,0.0,1188,0,55.00000000000001,Normal,0.20260915028638252,False,0
Student_E,Section_103,Final_Theory,0.0,0.0,1.0,0,20,0.0,546,0,100.0,Normal,0.1308254413902173,False,0
Student_DA,Section_202,Final_Theory,0.0,0.0,1.0,0,20,0.0,710,0,90.0,Normal,0.13734834877206809,False,0
Student_I,Section_103,Final_Theory,0.0,0.0,1.0,0,20,0.0,430,0,100.0,Normal,0.1308254413902173,False,0
Student_U,Section_201,Final_Theory,0.0,0.0,1.0,0,20,0.0,506,0,100.0,Normal,0.1308254413902173,False,0
Student_BI,Section_102,Final_Theory,0.0,0.0,1.0,0,20,0.0,464,0,100.0,Normal,0.30929886121311784,False,1
Student_AX,Section_201,Final_Theory,0.0,0.0,1.0,0,20,0.0,609,0,100.0,Normal,0.16871790143522541,False,0
Student_CH,Section_202,Final_Theory,0.0,0.0,1.0,0,20,0.0,663,0,100.0,Normal,0.1843777071828158,False,0
Student_GD,Section_102,Final_Theory,0.0,0.0,1.0,0,20,0.0,408,0,100.0,Normal,0.2613685602267383,False,0
Student_AL,Section_202,Final_Theory,0.0,0.0,1.0,0,20,0.0,573,0,100.0,Normal,0.1308254413902173,False,0
Student_DH,Section_201,Final_Theory,0.0,0.0,1.0,0,20,0.0,992,0,100.0,Normal,0.15692153956171728,False,0
Student_S,Section_201,Final_Theory,0.0,0.0,1.0,0,20,0.0,570,0,100.0,Normal,0.1308254413902173,False,0
Student_C,Section_201,Final_Theory,0.0,0.0,1.0,0,20,0.0,979,0,90.0,Normal,0.1308254413902173,False,0
Student_EN,Section_103,Final_Theory,0.0,0.0,1.0,0,20,0.0,875,0,100.0,Normal,0.15692153956171728,False,0
Student_CC,Section_103,Final_Theory,0.0,0.0,1.0,0,20,0.0,773,0,95.0,Normal,0.1308254413902173,False,0
Student_Y,Section_103,Final_Theory,0.0,0.0,1.0,0,20,0.0,308,0,100.0,Normal,0.13749229884517444,False,0
Student_AO,Section_101,Final_Theory,0.0,0.0,1.0,0,20,0.0,517,0,100.0,Normal,0.16876010507220182,False,0
Student_GC,Section_102,Final_Theory,0.0,0.0,1.0,0,20,0.0,371,0,100.0,Normal,0.25491672676734733,False,0
Student_CN,Section_101,Final_Theory,0.0,0.0,1.0,0,20,0.0,451,0,100.0,Normal,0.13749229884517444,False,0
Student_B,Section_102,Final_Theory,0.0,0.0,1.0,0,20,0.0,813,0,95.0,Normal,0.16482441716866691,False,0
Student_AM,Section_102,Final_Theory,0.0,0.0,0.2,16,20,0.8,1176,0,20.0,P3,0.10308164810844377,True,1
Student_CF,Section_101,Final_Theory,0.0,0.0,1.0,0,20,0.0,501,0,85.0,Normal,0.1308254413902173,False,0
Student_AS,Section_201,Final_Theory,0.0,0.0,1.0,0,20,0.0,1177,0,90.0,Normal,0.13135804189529443,False,0
Student_AE,Section_201,Final_Theory,0.0,0.0,1.0,0,20,0.0,1041,0,100.0,Normal,0.13734834877206809,False,0
Student_GJ,Section_201,Final_Theory,0.0,0.0,1.0,0,20,0.0,675,0,100.0,Normal,0.3136346141158956,False,1
Student_T,Section_201,Final_Theory,0.0,0.0,1.0,0,20,0.0,884,0,95.0,Normal,0.1308254413902173,False,0
Student_BL,Section_202,Final_Theory,0.0,0.0,1.0,0,20,0.0,820,0,100.0,Normal,0.13081269110287705,False,0
Student_K,Section_101,Final_Theory,0.0,0.0,1.0,0,20,0.0,363,0,55.00000000000001,Normal,0.13147606959244976,False,0
Student_AY,Section_103,Final_Theory,0.0,0.0,1.0,0,20,0.0,921,0,100.0,Normal,0.1308254413902173,False,0
Student_GI,Section_102,Final_Theory,0.0,0.0,1.0,0,20,0.0,314,0,100.0,Normal,0.30579908296470365,False,1
Student_BK,Section_201,Final_Theory,0.0,0.0,1.0,0,20,0.0,680,0,100.0,Normal,0.1308254413902173,False,0
Student_HL,Section_101,Final_Theory,0.0,0.0,1.0,0,20,0.0,758,0,100.0,Normal,0.4639459927867567,False,1
Student_EU,Section_101,Final_Theory,0.0,0.0,1.0,0,20,0.0,868,0,100.0,Normal,0.30188136996610315,False,0
Student_DL,Section_102,Final_Theory,0.0,0.0,1.0,0,20,0.0,638,0,85.0,Normal,0.17263256940590274,False,1
Student_AJ,Section_103,Final_Theory,0.0,0.0,1.0,0,20,0.0,396,0,85.0,Normal,0.13106746118295645,False,1
Student_BD,Section_103,Final_Theory,0.0,0.0,1.0,0,20,0.0,627,0,50.0,Normal,0.1308254413902173,False,0
Student_GO,Section_102,Final_Theory,0.0,0.0,0.3,14,20,0.7,1160,0,30.0,P3,0.2890784816576535,True,1
Student_M,Section_102,Final_Theory,0.0,0.0,1.0,0,20,0.0,387,0,100.0,Normal,0.16088921519306312,False,1
Student_DG,Section_101,Final_Theory,0.0,0.0,1.0,0,20,0.0,1064,0,100.0,Normal,0.203990976729448,False,0
Student_EC,Section_101,Final_Theory,0.0,0.0,1.0,0,20,0.0,975,0,100.0,Normal,0.2613685602267383,False,0
Student_AW,Section_201,Final_Theory,0.0,0.0,1.0,0,20,0.0,617,0,95.0,Normal,0.014828378944702889,False,0
Student_DZ,Section_101,Final_Theory,0.0,0.0,1.0,0,20,0.0,755,0,95.0,Normal,0.15052796741292954,False,1
Student_EP,Section_201,Final_Theory,0.0,0.0,1.0,0,20,0.0,766,0,95.0,Normal,0.16344712874490977,False,0
Student_CO,Section_103,Final_Theory,0.0,0.0,1.0,0,20,0.0,695,0,100.0,Normal,0.13734834877206809,False,0
Student_FI,Section_102,Final_Theory,0.0,0.0,1.0,0,20,0.0,963,0,95.0,Normal,0.19612253418054845,False,0
Student_BS,Section_102,Final_Theory,0.0,0.0,1.0,0,20,0.0,690,0,100.0,Normal,0.1374806265693034,False,0
Student_AG,Section_201,Final_Theory,0.0,0.0,1.0,0,20,0.0,654,0,100.0,Normal,0.1308254413902173,False,0
Student_DK,Section_102,Final_Theory,0.0,1.0,1.0,0,20,0.0,1086,1,95.0,P4,0.26281290166274984,False,2
Student_GY,Section_201,Final_Theory,0.0,1.0,1.0,0,20,0.0,429,1,100.0,Normal,0.2940969341864846,False,0
Student_EE,Section_103,Final_Theory,0.0,1.0,1.0,0,20,0.0,681,1,80.0,Normal,0.13734834877206809,False,0
Student_AR,Section_201,Final_Theory,0.0,1.0,1.0,0,20,0.0,591,1,95.0,Normal,0.1177826034047834,False,0
Student_BC,Section_103,Final_Theory,0.0,1.0,1.0,0,20,0.0,639,1,100.0,Normal,0.1177826034047834,False,0
Student_CE,Section_101,Final_Theory,0.0,1.0,1.0,0,20,0.0,316,1,95.0,Normal,0.1308610014152193,False,0
Student_CA,Section_101,Final_Theory,0.0,1.0,1.0,0,20,0.0,771,1,55.00000000000001,Normal,0.2399414990652858,False,1
Student_FS,Section_101,Final_Theory,0.0,1.0,1.0,0,20,0.0,627,1,100.0,Normal,0.14387206847108613,False,1
Student_DN,Section_201,Final_Theory,0.0,1.0,1.0,0,20,0.0,774,1,100.0,Normal,0.13734834877206809,False,0
Student_DY,Section_202,Final_Theory,0.0,1.0,1.0,0,20,0.0,860,1,95.0,Normal,0.14387206847108613,False,0
Student_BJ,Section_102,Final_Theory,0.0,1.0,1.0,0,20,0.0,453,1,100.0,Normal,0.12446251255322043,False,0
Student_DQ,Section_201,Final_Theory,0.0,1.0,1.0,0,20,0.0,741,1,95.0,Normal,0.14387206847108613,False,0
Student_EM,Section_102,Final_Theory,0.0,1.0,1.0,0,20,0.0,659,1,65.0,Normal,0.14400949766409848,False,1
Student_HB,Section_101,Final_Theory,0.0,1.0,1.0,0,20,0.0,1164,1,100.0,Normal,0.2059867267268546,False,0
Student_F,Section_202,Final_Theory,0.0,1.0,1.0,0,20,0.0,389,1,100.0,Normal,0.1177826034047834,False,0
Student_AD,Section_103,Final_Theory,0.0,1.0,1.0,0,20,0.0,605,1,100.0,Normal,0.1177826034047834,False,0
Student_AK,Section_103,Final_Theory,0.0,1.0,1.0,0,20,0.0,734,1,100.0,Normal,0.1308254413902173,False,0
Student_CK,Section_201,Final_Theory,0.0,1.0,1.0,0,20,0.0,558,1,100.0,Normal,0.14523493178178182,False,0
Student_AP,Section_101,Final_Theory,0.0,1.0,1.0,0,20,0.0,944,1,85.0,Normal,0.14228759581241196,False,1
Student_CW,Section_101,Final_Theory,0.0,1.0,1.0,0,20,0.0,1029,1,90.0,Normal,0.2587939305448214,False,0
Student_A,Section_102,Final_Theory,0.0,1.0,1.0,0,20,0.0,765,1,100.0,Normal,0.11781315851078686,False,0
Student_DE,Section_202,Final_Theory,0.0,1.0,1.0,0,20,0.0,561,1,85.0,Normal,0.12430347420624839,False,0
Student_AZ,Section_202,Final_Theory,0.0,1.0,1.0,0,20,0.0,653,1,70.0,Normal,0.1178370185264653,False,0
Student_GH,Section_202,Final_Theory,0.0,1.0,1.0,0,20,0.0,997,1,100.0,Normal,0.23923398169713753,False,0
Student_AI,Section_202,Final_Theory,0.0,1.0,1.0,0,20,0.0,370,1,100.0,Normal,0.11787827999882061,False,0
Student_EF,Section_103,Final_Theory,0.0,1.0,1.0,0,20,0.0,262,1,100.0,Normal,0.15694167817163246,False,0
Student_FW,Section_202,Final_Theory,0.0,1.0,1.0,0,20,0.0,718,1,85.0,P4,0.19616061537331833,False,2
Student_BP,Section_101,Final_Theory,0.0,1.0,1.0,0,20,0.0,642,1,100.0,Normal,0.1177826034047834,False,0
Student_FG,Section_103,Final_Theory,0.0,1.0,1.0,0,20,0.0,801,1,100.0,Normal,0.16997319962793356,False,0
Student_FP,Section_102,Final_Theory,0.0,1.0,1.0,0,20,0.0,361,1,100.0,Normal,0.44293467432234285,False,1
Student_HG,Section_201,Final_Theory,0.0,1.0,1.0,0,20,0.0,518,1,100.0,Normal,0.2843047708141451,False,1
Student_FR,Section_101,Final_Theory,0.0,1.0,1.0,0,20,0.0,355,1,100.0,P4,0.1961243080914877,False,2
Student_DM,Section_101,Final_Theory,0.0,1.0,1.0,0,20,0.0,778,1,100.0,Normal,0.1505279674129295,False,1
Student_BG,Section_201,Final_Theory,0.0,1.0,1.0,0,20,0.0,616,1,100.0,Normal,0.16480344488700802,False,0
Student_BU,Section_201,Final_Theory,0.0,1.0,1.0,0,20,0.0,374,1,100.0,Normal,0.15306150598291277,False,0
Student_DV,Section_202,Final_Theory,0.0,1.0,1.0,0,20,0.0,285,1,95.0,Normal,0.15692153956171728,False,0
Student_EJ,Section_103,Final_Theory,0.0,1.0,1.0,0,20,0.0,266,1,90.0,Normal,0.15692153956171728,False,0
Student_FK,Section_201,Final_Theory,0.0,2.0,1.0,0,20,0.0,649,2,90.0,Normal,0.1804693144005403,False,1
Student_CZ,Section_102,Final_Theory,0.0,2.0,1.0,0,20,0.0,807,2,100.0,Normal,0.13351444257516332,False,0
Student_DX,Section_202,Final_Theory,0.0,2.0,1.0,0,20,0.0,746,2,95.0,Normal,0.1243034742062484,False,0
Student_BM,Section_101,Final_Theory,0.0,2.0,1.0,0,20,0.0,702,2,100.0,Normal,0.12433025624031757,False,1
Student_AB,Section_103,Final_Theory,0.0,2.0,1.0,0,20,0.0,989,2,100.0,Normal,0.10474496997822294,False,0
Student_GK,Section_201,Final_Theory,0.0,2.0,1.0,0,20,0.0,536,2,100.0,Normal,0.27442779643627946,False,0
Student_FX,Section_102,Final_Theory,0.0,3.0,1.0,0,20,0.0,876,3,100.0,Normal,0.18303601322910928,False,0
Student_X,Section_103,Final_Theory,0.0,3.0,1.0,0,20,0.0,989,3,95.0,Normal,0.09822875262164397,False,0
Student_H,Section_202,Final_Theory,0.0,3.0,1.0,0,20,0.0,1005,3,100.0,Normal,0.09193019449045715,False,1
Student_GZ,Section_103,Final_Theory,0.0,3.0,1.0,0,20,0.0,668,3,100.0,Normal,0.2745130089323235,False,0
Student_HC,Section_102,Final_Theory,0.0,3.0,1.0,0,20,0.0,767,3,100.0,Normal,0.2059867267268546,False,0
Student_DB,Section_102,Final_Theory,0.0,3.0,1.0,0,20,0.0,687,3,95.0,Normal,0.11126302175538952,False,0
Student_EB,Section_103,Final_Theory,0.0,3.0,1.0,0,20,0.0,803,3,95.0,Normal,0.11126302175538952,False,0
Student_CP,Section_103,Final_Theory,0.0,3.0,1.0,0,20,0.0,496,3,100.0,Normal,0.09822875262164397,False,0
Student_FH,Section_201,Final_Theory,0.0,3.0,1.0,0,20,0.0,570,3,100.0,Normal,0.15039649478013398,False,0
Student_EG,Section_202,Final_Theory,0.0,3.0,1.0,0,20,0.0,778,3,100.0,Normal,0.13734834877206809,False,0
Student_AF,Section_201,Final_Theory,0.0,3.0,1.0,0,20,0.0,651,3,100.0,Normal,0.10474496997822297,False,0
Student_AH,Section_101,Final_Theory,0.0,3.0,1.0,0,20,0.0,450,3,100.0,Normal,0.3332797605052289,False,0
Student_DT,Section_103,Final_Theory,0.0,3.0,1.0,0,20,0.0,507,3,100.0,Normal,0.1114299052781506,False,0
Student_ET,Section_103,Final_Theory,0.0,4.0,1.0,0,20,0.0,593,4,85.0,Normal,0.1118486573675507,False,1
Student_O,Section_103,Final_Theory,0.0,4.0,0.95,1,20,0.05,946,4,75.0,Normal,0.08536829899225287,False,0
Student_BY,Section_101,Final_Theory,0.0,4.0,1.0,0,20,0.0,593,4,100.0,Normal,0.08520350458833834,False,0
Student_W,Section_102,Final_Theory,0.0,4.0,1.0,0,20,0.0,756,4,95.0,Normal,0.09831449986820358,False,0
Student_BN,Section_102,Final_Theory,0.0,4.0,1.0,0,20,0.0,458,4,100.0,Normal,0.10230652199894273,False,1
Student_FA,Section_102,Final_Theory,0.0,5.0,1.0,0,20,0.0,843,5,95.0,Normal,0.10493365554985648,False,0
Student_FO,Section_102,Final_Theory,0.0,5.0,1.0,0,20,0.0,635,5,100.0,Normal,0.4067625498255644,False,0
Student_CB,Section_101,Final_Theory,0.0,5.0,1.0,0,20,0.0,518,5,100.0,Normal,0.11126302175538952,False,0
Student_CR,Section_103,Final_Theory,0.0,5.0,1.0,0,20,0.0,668,5,80.0,Normal,0.07219216070829898,False,0
Student_HF,Section_101,Final_Theory,0.0,6.0,1.0,0,20,0.0,820,6,65.0,Normal,0.15707103524259983,False,1
Student_GB,Section_201,Final_Theory,0.0,6.0,1.0,0,20,0.0,689,6,100.0,Normal,0.1394143676997361,False,1
Student_DU,Section_103,Final_Theory,0.0,6.0,1.0,0,20,0.0,310,6,90.0,Normal,0.06569428494878338,False,0
Student_V,Section_101,Final_Theory,0.0,7.0,1.0,0,20,0.0,368,7,100.0,Normal,0.03981415459853174,False,1
Student_DR,Section_103,Final_Theory,0.0,7.0,1.0,0,20,0.0,574,7,95.0,Normal,0.05920388891278825,False,0
Student_FT,Section_201,Final_Theory,0.0,8.0,1.0,0,20,0.0,673,8,95.0,Normal,0.17182199283390018,False,0
Student_CX,Section_101,Final_Theory,0.0,8.0,1.0,0,20,0.0,349,8,95.0,Normal,0.07869566341800896,False,0
Student_HA,Section_202,Final_Theory,0.0,9.0,1.0,0,20,0.0,450,9,100.0,Normal,0.0692808334967541,False,0
Student_EH,Section_201,Final_Theory,0.0,10.0,0.2,16,20,0.8,571,10,20.0,P3,0.02058033144819328,True,1
Student_DJ,Section_103,Final_Theory,0.0,11.0,1.0,0,20,0.0,95,11,90.0,Normal,0.009585679513084908,False,0
Student_ER,Section_201,Final_Theory,0.85,12.0,0.95,1,20,0.05,468,12,85.0,Normal,0.014368339785682619,False,0
Student_BB,Section_202,Final_Theory,0.0,12.0,1.0,0,20,0.0,389,12,100.0,Normal,0.1981714070200676,False,0
Student_DC,Section_202,Final_Theory,0.0,13.0,1.0,0,20,0.0,72,13,85.0,Normal,0.06569428494878338,False,0
Student_CY,Section_103,Final_Theory,0.0,13.0,0.2,16,20,0.8,434,13,20.0,P3,0.013507844764747206,True,1
Student_P,Section_101,Final_Theory,0.0,14.0,1.0,0,20,0.0,323,14,100.0,Normal,0.043869907528224776,False,0
Student_GP,Section_103,Final_Theory,0.0,15.0,0.55,9,20,0.45,258,15,55.00000000000001,Normal,0.26473413435220766,False,0
Student_HD,Section_201,Final_Theory,0.0,18.0,0.0,20,20,1.0,115,18,0.0,P3,0.0399672956127088,True,2
Student_AU,Section_202,Final_Theory,0.0,19.0,0.05,19,20,0.95,54,19,5.0,P3,0.10794582600849682,True,1
Student_BA,Section_102,Final_Theory,0.0,27.0,1.0,0,20,0.0,358,27,100.0,Normal,0.031099989159303884,False,1
Student_BW,Section_103,Final_Theory,0.0,0.0,1.0,0,20,0.0,710,0,75.0,Normal,0.150396494780134,False,0
Student_FM,Section_101,Final_Prac,0.0,20.0,0.0,0,13,0.0,5940,20,,Normal,0.08381394553724719,False,0
Student_N,Section_103,Final_Prac,0.0,20.0,0.0,0,13,0.0,5460,20,,Normal,0.261577058509863,False,0
Student_AB,Section_103,Final_Prac,0.0,20.0,0.0,0,13,0.0,5640,20,,Normal,0.24852924954191097,False,0
Student_DZ,Section_101,Final_Prac,0.0,20.0,0.0,7,13,0.5384615384615384,5940,20,,P3,0.2420877154032794,True,1
Student_U,Section_201,Final_Prac,0.0,20.0,0.0,0,13,0.0,3660,20,,Normal,0.261577058509863,False,0
Student_AH,Section_101,Final_Prac,0.0,20.0,0.0,0,13,0.0,5760,20,,Normal,0.009434908344200623,False,0
Student_C,Section_201,Final_Prac,0.0,20.0,0.0,0,13,0.0,5940,20,,Normal,0.261577058509863,False,0
Student_E,Section_103,Final_Prac,0.0,20.0,0.0,0,13,0.0,5940,20,,Normal,0.261577058509863,False,0
Student_AZ,Section_202,Final_Prac,0.6153846153846154,20.0,0.0,1,13,0.07692307692307693,5940,20,,Normal,0.2551916566763027,False,0
Student_FA,Section_102,Final_Prac,0.0,20.0,0.0,0,13,0.0,5220,20,,Normal,0.18994536466772732,False,0
Student_I,Section_103,Final_Prac,0.0,20.0,0.0,0,13,0.0,4620,20,,Normal,0.261577058509863,False,0
Student_BL,Section_202,Final_Prac,0.0,20.0,0.0,3,13,0.23076923076923078,5940,20,,Normal,0.26158880467379875,False,0
Student_DE,Section_202,Final_Prac,0.0,20.0,0.0,0,13,0.0,5760,20,,Normal,0.24852924954191097,False,0
Student_V,Section_101,Final_Prac,0.0,20.0,0.0,13,13,1.0,5940,20,0.0,P1,0.21591814509326548,True,1
Student_AL,Section_202,Final_Prac,0.0,20.0,0.0,0,13,0.0,5580,20,,Normal,0.261577058509863,False,0
Student_GK,Section_201,Final_Prac,0.0,20.0,0.0,0,13,0.0,5940,20,,Normal,0.0793853935209415,False,0
Student_AR,Section_201,Final_Prac,0.0,20.0,0.0,0,13,0.0,5460,20,,Normal,0.2550529504203696,False,0
Student_BR,Section_102,Final_Prac,0.0,20.0,0.0,0,13,0.0,5940,20,,Normal,0.21697008346933844,False,1
Student_FG,Section_103,Final_Prac,0.0,20.0,0.0,0,13,0.0,4020,20,,Normal,0.2028780447545868,False,0
Student_R,Section_101,Final_Prac,0.0,20.0,0.0,0,13,0.0,6000,20,,Normal,0.261577058509863,False,0
Student_CQ,Section_103,Final_Prac,0.0,20.0,0.0,6,13,0.46153846153846156,5940,20,,Normal,0.20410827488591038,False,1
Student_DU,Section_103,Final_Prac,0.0,20.0,0.0,0,13,0.0,4380,20,,Normal,0.2093977268784141,False,0
Student_K,Section_101,Final_Prac,2.0,20.0,0.0,4,13,0.3076923076923077,6000,20,,Normal,0.26287868034666934,False,0
Student_DL,Section_102,Final_Prac,0.0,20.0,0.0,0,13,0.0,5580,20,,Normal,0.21976984805816152,False,1
Student_AI,Section_202,Final_Prac,0.1875,20.0,0.0,5,13,0.38461538461538464,5940,20,,Normal,0.25504208109328547,False,0
Student_CP,Section_103,Final_Prac,0.0,20.0,0.0,2,13,0.15384615384615385,5940,20,,Normal,0.23548320478990759,False,0
Student_BK,Section_201,Final_Prac,0.0,20.0,0.0,0,13,0.0,5940,20,,Normal,0.261577058509863,False,0
Student_GH,Section_202,Final_Prac,0.0,20.0,0.0,0,13,0.0,5940,20,,Normal,0.13379567028760725,False,0
Student_B,Section_102,Final_Prac,0.0,20.0,0.0,0,13,0.0,5100,20,,Normal,0.2406247018098245,False,0
Student_FR,Section_101,Final_Prac,0.0,20.0,0.0,13,13,1.0,5940,20,0.0,P1,0.17673261348648062,True,2
Student_CA,Section_101,Final_Prac,12.0,20.0,0.0,5,13,0.38461538461538464,6000,20,,Normal,0.23309881427321258,False,1
Student_CC,Section_103,Final_Prac,0.0,20.0,0.0,0,13,0.0,4980,20,,Normal,0.261577058509863,False,0
Student_ER,Section_201,Final_Prac,0.0,20.0,0.0,5,13,0.38461538461538464,5940,20,,Normal,0.1508338628063689,False,0
Student_FW,Section_202,Final_Prac,0.0,20.0,0.0,13,13,1.0,5940,20,0.0,P1,0.17677290366183362,True,2
Student_AG,Section_201,Final_Prac,0.0,20.0,0.0,0,13,0.0,5820,20,,Normal,0.261577058509863,False,0
Student_P,Section_101,Final_Prac,0.0,20.0,0.0,0,13,0.0,5640,20,,Normal,0.07534096609589845,False,0
Student_AP,Section_101,Final_Prac,4.222222222222222,20.0,0.0,4,13,0.3076923076923077,5940,20,,Normal,0.2407879857385649,False,1
Student_CR,Section_103,Final_Prac,0.0,20.0,0.0,0,13,0.0,5700,20,,Normal,0.22243923466747662,False,0
Student_CH,Section_202,Final_Prac,0.0,20.0,0.0,0,13,0.0,5520,20,,Normal,0.20802942083514583,False,0
Student_EE,Section_103,Final_Prac,0.0,20.0,0.0,0,13,0.0,5640,20,,Normal,0.23548320478990759,False,0
Student_AD,Section_103,Final_Prac,0.0,20.0,0.0,0,13,0.0,4920,20,,Normal,0.2550529504203696,False,0
Student_EN,Section_103,Final_Prac,0.0,20.0,0.0,0,13,0.0,5100,20,,Normal,0.23548320478990759,False,0
Student_CN,Section_101,Final_Prac,0.0,20.0,0.0,0,13,0.0,4200,20,,Normal,0.25513049768589524,False,0
Student_EP,Section_201,Final_Prac,0.0,20.0,0.0,0,13,0.0,5520,20,,Normal,0.22896093823762986,False,0
Student_BP,Section_101,Final_Prac,0.0,20.0,0.0,0,13,0.0,4800,20,,Normal,0.2550529504203696,False,0
Student_F,Section_202,Final_Prac,0.0,20.0,0.0,0,13,0.0,4320,20,,Normal,0.2550529504203696,False,0
Student_GD,Section_102,Final_Prac,0.0,20.0,0.0,0,13,0.0,4620,20,,Normal,0.13124149259521306,False,0
Student_AS,Section_201,Final_Prac,0.8461538461538461,20.0,0.0,1,13,0.07692307692307693,5940,20,,Normal,0.26162043692959686,False,0
Student_FX,Section_102,Final_Prac,0.0,20.0,0.0,0,13,0.0,3840,20,,Normal,0.15073855102496714,False,0
Student_BD,Section_103,Final_Prac,0.0,20.0,0.0,0,13,0.0,2102,20,,Normal,0.261577058509863,False,0
Student_EU,Section_101,Final_Prac,0.0,20.0,0.0,0,13,0.0,5400,20,,Normal,0.09086612059249578,False,0
Student_BI,Section_102,Final_Prac,4.0,20.0,0.0,6,13,0.46153846153846156,5940,20,,Normal,0.30134778398148737,False,1
Student_BC,Section_103,Final_Prac,0.0,20.0,0.0,0,13,0.0,2692,20,,Normal,0.2550529504203696,False,0
Student_CF,Section_101,Final_Prac,0.0,20.0,0.0,6,13,0.46153846153846156,5460,20,,Normal,0.261577058509863,False,0
Student_CK,Section_201,Final_Prac,0.0,20.0,0.0,0,13,0.0,5160,20,,Normal,0.2275977700278608,False,0
Student_S,Section_201,Final_Prac,0.0,20.0,0.0,0,13,0.0,5700,20,,Normal,0.261577058509863,False,0
Student_EB,Section_103,Final_Prac,0.0,20.0,0.0,0,13,0.0,5580,20,,Normal,0.22243923466747662,False,0
Student_AJ,Section_103,Final_Prac,0.5555555555555557,20.0,0.0,7,13,0.5384615384615384,5940,20,,P3,0.2615844418744799,True,1
Student_GZ,Section_103,Final_Prac,0.0,20.0,0.0,0,13,0.0,4020,20,,Normal,0.05959762645109009,False,0
Student_T,Section_201,Final_Prac,0.0,20.0,0.0,0,13,0.0,4380,20,,Normal,0.261577058509863,False,0
Student_GI,Section_102,Final_Prac,0.0,20.0,0.0,0,13,0.0,5880,20,,Normal,0.08697974356923152,False,1
Student_GC,Section_102,Final_Prac,0.0,20.0,0.0,0,13,0.0,1201,20,,Normal,0.13788823555838597,False,0
Student_AY,Section_103,Final_Prac,0.0,20.0,0.0,0,13,0.0,5580,20,,Normal,0.261577058509863,False,0
Student_DX,Section_202,Final_Prac,0.0,20.0,0.0,0,13,0.0,5820,20,,Normal,0.22896093823762986,False,0
Student_H,Section_202,Final_Prac,0.0,20.0,0.0,12,13,0.9230769230769231,5940,20,,P3,0.2420877154032794,True,1
Student_DA,Section_202,Final_Prac,0.0,20.0,0.0,0,13,0.0,5700,20,,Normal,0.2550529504203696,False,0
Student_A,Section_102,Final_Prac,0.0,20.0,0.0,0,13,0.0,5760,20,,Normal,0.25504847582028756,False,0
Student_CO,Section_103,Final_Prac,0.0,20.0,0.0,0,13,0.0,5340,20,,Normal,0.2550529504203696,False,0
Student_EM,Section_102,Final_Prac,0.0,20.0,0.0,13,13,1.0,3322,20,0.0,P3,0.22904731949964585,True,1
Student_EH,Section_201,Final_Prac,0.0,20.0,0.0,6,13,0.46153846153846156,5940,20,,Normal,0.21579299537404037,False,1
Student_W,Section_102,Final_Prac,0.0,20.0,0.0,0,13,0.0,5040,20,,Normal,0.21585616766212087,False,0
Student_ET,Section_103,Final_Prac,1.75,20.0,0.0,9,13,0.6923076923076923,5940,20,,P3,0.20416206705110038,True,1
Student_X,Section_103,Final_Prac,0.0,21.0,0.0,0,13,0.0,4680,21,,Normal,0.2550529504203696,False,0
Student_HL,Section_101,Final_Prac,0.0,21.0,0.0,0,13,0.0,5820,21,,Normal,0.052661535855589484,False,1
Student_HG,Section_201,Final_Prac,0.0,21.0,0.0,7,13,0.5384615384615384,4260,21,,P3,0.10822012147291331,True,1
Student_BY,Section_101,Final_Prac,0.0,21.0,0.0,0,13,0.0,4800,21,,Normal,0.2485292495419109,False,0
Student_FK,Section_201,Final_Prac,0.0,21.0,0.0,0,13,0.0,5760,21,,Normal,0.192370354301468,False,1
Student_O,Section_103,Final_Prac,0.0,21.0,0.0,5,13,0.38461538461538464,5880,21,,Normal,0.24856894051203698,False,0
Student_AE,Section_201,Final_Prac,0.0,21.0,0.0,0,13,0.0,5880,21,,Normal,0.27462638023421243,False,0
Student_BJ,Section_102,Final_Prac,0.0,21.0,0.0,0,13,0.0,3720,21,,Normal,0.2681753181610735,False,0
Student_GB,Section_201,Final_Prac,0.0,21.0,0.0,0,13,0.0,5880,21,,Normal,0.158706123231262,False,1
Student_DY,Section_202,Final_Prac,0.0,21.0,0.0,0,13,0.0,4800,21,,Normal,0.2485292495419109,False,0
Student_GJ,Section_201,Final_Prac,0.0,21.0,0.0,0,13,0.0,4680,21,,Normal,0.09864664638262932,False,1
Student_HA,Section_202,Final_Prac,0.0,21.0,0.0,0,13,0.0,3052,21,,Normal,0.16685034180974517,False,0
Student_BS,Section_102,Final_Prac,0.9230769230769231,21.0,0.0,1,13,0.07692307692307693,5940,21,,Normal,0.2748910035021965,False,0
Student_CZ,Section_102,Final_Prac,0.0,21.0,0.0,0,13,0.0,5100,21,,Normal,0.23933840939453083,False,0
Student_AO,Section_101,Final_Prac,0.0,21.0,0.0,0,13,0.0,5640,21,,Normal,0.24328487946433666,False,0
Student_HC,Section_102,Final_Prac,0.0,21.0,0.0,0,13,0.0,4740,21,,Normal,0.1472930724196574,False,0
Student_DR,Section_103,Final_Prac,0.0,21.0,0.0,0,13,0.0,5640,21,,Normal,0.21591814509326548,False,0
Student_DJ,Section_103,Final_Prac,0.0,21.0,0.0,0,13,0.0,2428,21,,Normal,0.18984119212499384,False,0
Student_Y,Section_103,Final_Prac,0.0,21.0,0.0,0,13,0.0,4860,21,,Normal,0.274698401982726,False,0
Student_FH,Section_201,Final_Prac,0.0,21.0,0.0,0,13,0.0,5880,21,,Normal,0.2028780447545868,False,0
Student_FP,Section_102,Final_Prac,0.0,21.0,0.0,0,13,0.0,4260,21,,Normal,0.052223014373399324,False,1
Student_CW,Section_101,Final_Prac,0.0,21.0,0.0,0,13,0.0,5880,21,,Normal,0.13373006662442727,False,0
Student_DN,Section_201,Final_Prac,0.0,21.0,0.0,2,13,0.15384615384615385,5880,21,,Normal,0.2550529504203696,False,0
Student_M,Section_102,Final_Prac,0.0,21.0,0.0,0,13,0.0,1733,21,,Normal,0.2510853954844898,False,1
Student_DT,Section_103,Final_Prac,0.0,21.0,0.0,0,13,0.0,5100,21,,Normal,0.24206317614345327,False,0
Student_HF,Section_101,Final_Prac,0.08264462809917354,21.0,0.0,12,13,0.9230769230769231,5880,21,,P3,0.13752389168660198,True,1
Student_AU,Section_202,Final_Prac,0.0,21.0,0.0,0,13,0.0,3840,21,,Normal,0.14712023804275123,False,1
Student_DG,Section_101,Final_Prac,0.0,21.0,0.0,0,13,0.0,5220,21,,Normal,0.20806365067517285,False,0
Student_DB,Section_102,Final_Prac,0.0,22.0,0.0,0,13,0.0,5580,22,,Normal,0.26157705850986307,False,0
Student_DQ,Section_201,Final_Prac,0.0,22.0,0.0,0,13,0.0,3780,22,,Normal,0.26810154408260295,False,0
Student_BU,Section_201,Final_Prac,0.0,22.0,0.0,3,13,0.23076923076923078,5820,22,,Normal,0.25891569597474534,False,0
Student_BN,Section_102,Final_Prac,0.0,22.0,0.0,6,13,0.46153846153846156,5820,22,,Normal,0.25104104375542763,False,1
Student_EF,Section_103,Final_Prac,0.0,22.0,0.0,0,13,0.0,4680,22,,Normal,0.2550467547993528,False,0
Student_AF,Section_201,Final_Prac,0.0,22.0,0.0,0,13,0.0,5820,22,,Normal,0.26810154408260295,False,0
Student_AK,Section_103,Final_Prac,0.0,22.0,0.0,0,13,0.0,5340,22,,Normal,0.2811515425564713,False,0
Student_CE,Section_101,Final_Prac,0.0,22.0,0.0,0,13,0.0,4920,22,,Normal,0.2811512303102534,False,0
Student_BG,Section_201,Final_Prac,0.0,22.0,0.0,0,13,0.0,4440,22,,Normal,0.2471704337753701,False,0
Student_FI,Section_102,Final_Prac,0.6153846153846154,22.0,0.0,1,13,0.07692307692307693,4800,22,,Normal,0.2356203910216421,False,0
Student_DK,Section_102,Final_Prac,0.0,22.0,0.0,0,13,0.0,5820,22,,P4,0.14917334203548135,False,2
Student_BB,Section_202,Final_Prac,0.0,22.0,0.0,0,13,0.0,5340,22,,Normal,0.2878732191433298,False,0
Student_EJ,Section_103,Final_Prac,0.0,22.0,0.0,0,13,0.0,1046,22,,Normal,0.2550529504203696,False,0
Student_EG,Section_202,Final_Prac,0.0,23.0,0.0,0,13,0.0,5760,23,,Normal,0.2550529504203696,False,0
Student_DM,Section_101,Final_Prac,0.0,23.0,0.0,11,13,0.8461538461538461,5640,23,,P3,0.28122189319681423,True,1
Student_AX,Section_201,Final_Prac,0.0,23.0,0.0,0,13,0.0,5760,23,,Normal,0.2824092376269656,False,0
Student_BM,Section_101,Final_Prac,0.39506172839506176,23.0,0.0,10,13,0.7692307692307693,5760,23,,P3,0.28772329952863634,True,1
Student_BW,Section_103,Final_Prac,0.0,23.0,0.0,0,13,0.0,4680,23,,Normal,0.30072877422603755,False,0
Student_HB,Section_101,Final_Prac,0.0,23.0,0.0,0,13,0.0,3340,23,,Normal,0.225562051848383,False,0
Student_CY,Section_103,Final_Prac,0.0,23.0,0.0,0,13,0.0,5640,23,,Normal,0.20914885070263325,False,1
Student_DH,Section_201,Final_Prac,0.0,23.0,0.0,0,13,0.0,3840,23,,Normal,0.2942027589016761,False,0
Student_CU,Section_103,Final_Prac,0.0,24.0,0.0,13,13,1.0,5700,24,0.0,P1,0.1619386088199491,True,1
Student_DV,Section_202,Final_Prac,0.0,24.0,0.0,2,13,0.15384615384615385,5700,24,,Normal,0.2942027589016761,False,0
Student_EW,Section_103,Final_Prac,0.8888888888888891,25.0,0.0,10,13,0.7692307692307693,5640,25,,P3,0.18658229174076957,True,1
Student_CB,Section_101,Final_Prac,0.0,27.0,0.0,0,13,0.0,3780,27,,Normal,0.3203082497150326,False,0
Student_CX,Section_101,Final_Prac,0.0,27.0,0.0,0,13,0.0,1781,27,,Normal,0.2942027589016761,False,0
Student_BF,Section_201,Final_Prac,0.0,28.0,0.0,11,13,0.8461538461538461,5520,28,,P3,0.3071460884194807,True,2
Student_CT,Section_201,Final_Prac,0.0,30.0,0.0,0,13,0.0,5340,30,,Normal,0.3855849843802988,False,0
Student_HI,Section_201,Final_Prac,0.0,31.0,0.0,0,13,0.0,5280,31,,Normal,0.07097820546441853,False,0
Student_DD,Section_202,Final_Prac,0.0,31.0,0.0,0,13,0.0,2389,31,,Normal,0.3300122824945033,False,0
Student_FO,Section_102,Final_Prac,0.0,35.0,0.0,0,13,0.0,4740,35,,Normal,0.18156578655245958,False,0
Student_HM,Section_202,Final_Prac,0.0,37.0,0.0,13,13,1.0,4920,37,0.0,P1,0.0,True,1
Student_EC,Section_101,Final_Prac,0.0,37.0,0.0,0,13,0.0,2859,37,,Normal,0.46393262095656096,False,0
Student_HN,Section_103,Final_Prac,0.0,38.0,0.0,13,13,1.0,4860,38,0.0,P1,0.0,True,1
Student_DW,Section_102,Final_Prac,0.0,38.0,0.0,0,13,0.0,4740,38,,Normal,0.27450029670428644,False,0
Student_CD,Section_201,Final_Prac,0.0,42.0,0.0,0,13,0.0,915,42,,Normal,0.4654906248056318,False,0
Student_GY,Section_201,Final_Prac,0.0,43.0,0.0,0,13,0.0,3840,43,,Normal,0.5291713419516306,False,0
Student_BA,Section_102,Final_Prac,0.0,44.0,0.0,0,13,0.0,1318,44,,Normal,0.3626409648726952,False,1
Student_HH,Section_103,Final_Prac,0.0,46.0,0.0,0,13,0.0,2052,46,,Normal,0.3135972947227623,False,0
Student_BX,Section_202,Final_Prac,0.0,47.0,0.0,0,13,0.0,3590,47,,Normal,0.3135875899825734,False,1
Student_Z,Section_101,Final_Prac,0.0,57.0,0.0,13,13,1.0,3720,57,0.0,P1,0.7675752976097845,True,2
Student_HO,Section_101,Final_Prac,0.0,0.0,0.0,0,13,0.0,1864,0,,Normal,0.0,False,0
Student_AW,Section_201,Final_Prac,0.0,2.0,0.0,0,13,0.0,661,2,,Normal,0.028998213176029044,False,0
Student_FT,Section_201,Final_Prac,0.0,7.0,0.0,0,13,0.0,3147,7,,Normal,0.19134348603643586,False,0
Student_BZ,Section_201,Final_Prac,0.0,8.0,0.0,5,13,0.38461538461538464,3093,8,,Normal,0.09227460349788522,False,0
Student_FS,Section_101,Final_Prac,0.0,13.0,0.0,13,13,1.0,2778,13,0.0,P3,0.09230726185631531,True,1
Student_CM,Section_102,Final_Prac,2.25,14.0,0.0,3,13,0.23076923076923078,2730,14,,Normal,0.12958288238836874,False,0
Student_DC,Section_202,Final_Prac,0.0,15.0,0.0,0,13,0.0,1249,15,,Normal,0.10526415343987247,False,0
Student_HP,Section_202,Final_Prac,0.0,17.0,0.0,0,13,0.0,1858,17,,Normal,0.12774754489232612,False,0
Student_DI,Section_202,Final_Prac,0.0,26.0,0.0,7,13,0.5384615384615384,2021,26,,P3,0.2647085106522566,True,1
Student_DF,Section_103,Final_Prac,0.0,43.0,0.0,13,13,1.0,1004,43,0.0,P3,0.5357601998861976,True,1
Student_EY,Section_101,Supp_Theory,0.0,0.0,1.0,0,21,0.0,564,0,100.0,Normal,0.17008954089853512,False,1
Student_CS,Section_202,Supp_Theory,0.0,0.0,1.0,0,21,0.0,1048,0,95.19999999999999,Normal,0.22745400625939852,False,1
Student_EH,Section_201,Supp_Theory,0.0,0.0,1.0,0,21,0.0,531,0,100.0,Normal,0.17660982544515377,False,1
Student_GN,Section_101,Supp_Theory,0.0,1.0,1.0,0,21,0.0,474,1,100.0,Normal,0.3684865483447034,False,1
Student_AM,Section_102,Supp_Theory,0.0,1.0,1.0,0,21,0.0,639,1,95.19999999999999,Normal,0.08378573113174377,False,1
Student_AT,Section_101,Supp_Theory,0.0,1.0,1.0,0,21,0.0,419,1,100.0,Normal,0.1177826034047834,False,0
Student_CG,Section_101,Supp_Theory,0.0,1.0,1.0,0,21,0.0,826,1,85.7,P4,0.15306150598291277,False,2
Student_DI,Section_202,Supp_Theory,0.0,2.0,1.0,0,21,0.0,495,2,95.19999999999999,Normal,0.20600430610876003,False,1
Student_BZ,Section_201,Supp_Theory,0.0,2.0,1.0,0,21,0.0,910,2,100.0,Normal,0.02711671286075761,False,0
Student_Z,Section_101,Supp_Theory,0.0,2.0,1.0,0,21,0.0,1197,2,100.0,P4,0.310494614529188,False,2
Student_HD,Section_201,Supp_Theory,0.0,2.0,1.0,0,21,0.0,662,2,100.0,P4,0.27458993173696294,False,2
Student_EX,Section_102,Supp_Theory,0.0,2.0,1.0,0,21,0.0,501,2,100.0,Normal,0.15692153956171728,False,0
Student_DD,Section_202,Supp_Theory,0.0,3.0,1.0,0,21,0.0,632,3,100.0,Normal,0.21907007152993707,False,0
Student_GO,Section_102,Supp_Theory,0.0,4.0,1.0,0,21,0.0,937,4,95.19999999999999,Normal,0.2108316812785995,False,1
Student_HP,Section_202,Supp_Theory,0.0,4.0,1.0,0,21,0.0,568,4,90.5,Normal,0.12774754489232612,False,0
Student_BF,Section_201,Supp_Theory,0.0,5.0,1.0,0,21,0.0,835,5,100.0,P4,0.14405119855341128,False,2
Student_DO,Section_101,Supp_Theory,0.0,10.0,1.0,0,21,0.0,487,10,100.0,Normal,0.014828378944702878,False,0
Student_AN,Section_102,Supp_Theory,0.0,10.0,1.0,0,21,0.0,829,10,95.19999999999999,Normal,0.03981415459853174,False,0
Student_HI,Section_201,Supp_Theory,0.0,14.0,1.0,0,21,0.0,740,14,100.0,Normal,0.26284384923215426,False,0
Student_HQ,Section_102,Supp_Theory,0.0,17.0,1.0,0,21,0.0,513,17,100.0,Normal,0.08872275683052315,False,0
Student_GM,Section_102,Supp_Theory,0.0,42.0,1.0,0,21,0.0,985,42,100.0,Normal,0.04010821122815683,False,1
Student_Q,Section_101,Supp_Theory,0.09876543209876544,59.0,0.09523809523809523,19,21,0.9047619047619048,56,59,9.5,P2,0.7707906209761773,True,1
Student_FC,Section_101,Supp_Theory,0.0,3.0,1.0,0,21,0.0,767,3,95.19999999999999,Normal,0.24178061409920346,False,0
Student_EZ,Section_102,Supp_Theory,0.0,0.0,1.0,0,21,0.0,660,0,100.0,Normal,0.16997319962793356,False,0
Student_HR,Section_101,Supp_Theory,0.0,1.0,1.0,0,21,0.0,504,1,100.0,Normal,0.3234754686249148,False,1
Student_DF,Section_103,Supp_Theory,0.0,3.0,1.0,0,21,0.0,628,3,100.0,Normal,0.24830979564687183,False,1
Student_CU,Section_103,Supp_Theory,0.0,13.0,1.0,0,21,0.0,632,13,100.0,Normal,0.054837384410281,False,1
Student_HK,Section_101,Supp_Theory,0.0,22.0,1.0,0,21,0.0,715,22,90.5,P4,0.2094273512631815,False,2
Student_DW,Section_102,Supp_Theory,0.0,23.0,1.0,0,21,0.0,559,23,100.0,Normal,0.022073194981885216,False,0
Student_EY,Section_101,Supp_Prac,0.0,20.0,0.0,13,13,1.0,5940,20,0.0,P1,0.22252814754715822,True,1
Student_HD,Section_201,Supp_Prac,0.0,20.0,0.0,0,13,0.0,5760,20,,P4,0.07877325214181789,False,2
Student_CG,Section_101,Supp_Prac,0.0,20.0,0.0,13,13,1.0,5940,20,0.0,P1,0.21976984805816152,True,2
Student_AM,Section_102,Supp_Prac,0.0,20.0,0.0,0,13,0.0,3660,20,,Normal,0.2892223618028794,False,1
Student_DO,Section_101,Supp_Prac,0.0,20.0,0.0,0,13,0.0,3427,20,,Normal,0.18332420022963777,False,0
Student_CS,Section_202,Supp_Prac,0.0,20.0,0.0,13,13,1.0,5940,20,0.0,P1,0.16500180424719485,True,1
Student_AA,Section_102,Supp_Prac,0.0,20.0,0.0,13,13,1.0,5940,20,0.0,P1,0.19616567691249592,True,1
Student_BF,Section_201,Supp_Prac,0.0,20.0,0.0,13,13,1.0,5940,20,0.0,P1,0.15053637503046674,True,2
Student_DI,Section_202,Supp_Prac,0.0,20.0,0.0,2,13,0.15384615384615385,4620,20,,Normal,0.14726937903205067,False,1
Student_AT,Section_101,Supp_Prac,0.0,20.0,0.0,0,13,0.0,5940,20,,Normal,0.2550529504203696,False,0
Student_DD,Section_202,Supp_Prac,0.0,21.0,0.0,0,13,0.0,1951,21,,Normal,0.13428049602655556,False,0
Student_EX,Section_102,Supp_Prac,0.0,22.0,0.0,0,13,0.0,2226,22,,Normal,0.23548320478990759,False,0
Student_EA,Section_201,Supp_Prac,0.0,23.0,0.0,9,13,0.6923076923076923,5760,23,,P3,0.19616567691249592,True,1
Student_Z,Section_101,Supp_Prac,0.0,24.0,0.0,9,13,0.6923076923076923,5700,24,,P3,0.12135780792744626,True,2
Student_AN,Section_102,Supp_Prac,0.0,26.0,0.0,0,13,0.0,5580,26,,Normal,0.27462638023421243,False,0
Student_HQ,Section_102,Supp_Prac,0.0,26.0,0.0,0,13,0.0,659,26,,Normal,0.08872275683052315,False,0
Student_HI,Section_201,Supp_Prac,0.0,27.0,0.0,0,13,0.0,5520,27,,Normal,0.011084933359480634,False,0
Student_FC,Section_101,Supp_Prac,0.0,36.0,0.0,0,13,0.0,2653,36,,Normal,0.40517063590291347,False,0
Student_GN,Section_101,Supp_Prac,0.0,43.0,0.0,0,13,0.0,4560,43,,Normal,0.4547620262280387,False,1
Student_GM,Section_102,Supp_Prac,0.0,59.0,0.0,0,13,0.0,3098,59,,Normal,0.3724804700405376,False,1
Student_Q,Section_101,Supp_Prac,0.0,0.0,0.0,0,13,0.0,3501,0,,Normal,0.3854998212160165,False,1
Student_GO,Section_102,Supp_Prac,0.0,19.0,0.0,0,13,0.0,891,19,,Normal,0.08399208156342976,False,1
Student_BX,Section_202,Supp_Prac,0.0,46.0,0.0,11,13,0.8461538461538461,802,46,,P3,0.2939958988555219,True,1
Student_EZ,Section_102,Supp_Prac,0.0,20.0,0.0,0,13,0.0,3216,20,,Normal,0.22243923466747662,False,0
Student_CU,Section_103,Supp_Prac,0.0,25.0,0.0,0,13,0.0,5400,25,,Normal,0.18150449160433316,False,1
Student_DW,Section_102,Supp_Prac,0.0,33.0,0.0,0,13,0.0,3333,33,,Normal,0.17661240359243072,False,0
Student_HR,Section_101,Supp_Prac,0.0,34.0,0.0,13,13,1.0,1603,34,0.0,P3,0.3234754686249148,True,1
Student_HK,Section_101,Supp_Prac,0.0,36.0,0.0,12,13,0.9230769230769231,4980,36,,P3,0.06564437678484829,True,2
Student_AU,Section_202,Supp_Prac,0.0,14.0,0.0,0,13,0.0,1884,14,,Normal,0.011878914703521724,False,1
